SECAO;CANDIDATO;VOTOS
022;MARCELO PETRONE;27
022;LORIM DA PADARIA;1
022;JOÃO PELA;4
022;MARINA SANTANA;1
022;CLAUDIO SAMPA;2
022;VERONICA CHAVES;1
022;ANISIA DO SANTO ANTONIO;1
022;VALDECIR BADEGA;1
022;DORINHA;2
022;BETINHA DE LÉ;2
022;PEDRO (PH);1
022;RAFA XCAR;1
022;ZOIM;1
022;TAZINHA;3
022;PRISCILA MATOS;3
022;EVANDRO PINHO;2
022;SOLY;1
022;GIL PAGÓLE;4
022;NADIA FRANCO;3
022;THIAGO DURÃES;7
022;JUNIO BARBOSA;24
022;GERALDINHO;1
022;NILO DO TAXI;2
022;TIÃO DE OLEGARIO;6
022;LEIDE DA SAÚDE;1
022;NINHÃO;2
022;KÉSLEY;2
022;MARIA CLARA;8
022;NILCE ARTESÃ;1
022;MOACIR OLIVEIRA;6
022;DEDÉ CAIPIRA;1
022;MÁRCIO EVENTOS;1
022;HENILTON IMÓVEIS;2
022;ÍCARO CABELEREIRO;2
022;ZEZINHO DO SALÃO;10
022;RUBINHO ENFERMEIRO;2
022;SERGINHO DA AUTO ELETRICA;2
022;CIDA;1
022;JADSON;6
022;JOÃO DETETIVE;12
022;DALVA;1
022;BENE DA BALANÇA;2
022;LIA DE BIDA;1
022;MOREIRA;13
022;PEU;1
022;CID RODRIGUES;5
022;DAYANNE CARDOSO;4
022;ZE MILTON;2
022;ERIC ERLON;4
022;MAURICIO COSTA;1
022;DILSON CORINGA DO BOI DE JANEI;1
022;ELIANY MAE ATIPICA;2
022;JOÃO LUIZ DE NEGÃO;19
022;EILTON SANTIAGO;12
022;JARBINHAS;1
022;GERSON TEIXEIRA;1
022;FABIO SALES;2
022;JUNIOR GARÇOM;5
022;CARLIM;7
023;MARCELO PETRONE;30
023;LORIM DA PADARIA;2
023;JOÃO PELA;5
023;MARINA SANTANA;2
023;VICTOR MOTORISTA BODÃO;1
023;CLAUDIO SAMPA;2
023;VERONICA CHAVES;1
023;VALDECIR BADEGA;3
023;DORINHA;2
023;BETINHA DE LÉ;6
023;LUIS VINICIUS DO CANTINHO;1
023;EDSON MIRANDA;5
023;ZOIM;1
023;TAZINHA;6
023;PRISCILA MATOS;5
023;SOLY;1
023;GIL PAGÓLE;3
023;NADIA FRANCO;2
023;THIAGO DURÃES;13
023;CLEYTON GARDENAL;2
023;JUNIO BARBOSA;26
023;GERALDINHO;1
023;NILO DO TAXI;4
023;TIÃO DE OLEGARIO;3
023;NINHÃO;2
023;KÉSLEY;5
023;MARIA CLARA;6
023;JOÃO ERIK PROTETOR;1
023;MOACIR OLIVEIRA;3
023;MORGANA FIGUEIREDO;1
023;GATINHO SARMENTO;1
023;HENILTON IMÓVEIS;5
023;ÍCARO CABELEREIRO;2
023;GERALDO DO PINCH;1
023;ZEZINHO DO SALÃO;17
023;LUCAS BAIXINHO;1
023;SERGINHO DA AUTO ELETRICA;1
023;LETICIA ASSISTENTE SOCIAL;2
023;MAERCIO;2
023;JADSON;9
023;JOÃO DETETIVE;5
023;BENE DA BALANÇA;3
023;LIA DE BIDA;1
023;CLAUDINHA;2
023;VILSINHO;1
023;VAGNER DA DENGUE;1
023;MOREIRA;10
023;PEU;3
023;CID RODRIGUES;3
023;DAYANNE CARDOSO;1
023;ZE MILTON;2
023;ERIC ERLON;7
023;CAROL RODRIGUES;1
023;JOÃO LUIZ DE NEGÃO;16
023;EILTON SANTIAGO;5
023;GERSON TEIXEIRA;1
023;ALAN MIRANDA;1
023;JUNIOR GARÇOM;9
023;CARLIM;10
024;MARCELO PETRONE;26
024;LORIM DA PADARIA;1
024;JOÃO PELA;3
024;CLAUDIO SAMPA;1
024;VALDECIR BADEGA;1
024;DORINHA;2
024;BETINHA DE LÉ;3
024;LUIS VINICIUS DO CANTINHO;1
024;YASMIM SOARES;1
024;EDSON MIRANDA;4
024;ZOIM;1
024;TAZINHA;1
024;PRISCILA MATOS;2
024;EVANDRO PINHO;1
024;GIL PAGÓLE;1
024;NADIA FRANCO;2
024;THIAGO DURÃES;3
024;CLEYTON GARDENAL;1
024;JUNIO BARBOSA;30
024;NILO DO TAXI;6
024;TIÃO DE OLEGARIO;2
024;MESSIAS;4
024;NINHÃO;2
024;KÉSLEY;2
024;MARIA CLARA;5
024;MOACIR OLIVEIRA;6
024;ELIETE SILVEIRA;1
024;MÁRCIO EVENTOS;2
024;JUAREZ DO TRATOR;2
024;HENILTON IMÓVEIS;2
024;ÍCARO CABELEREIRO;6
024;ZEZINHO DO SALÃO;19
024;LUCAS BAIXINHO;4
024;RUBINHO ENFERMEIRO;3
024;LETICIA ASSISTENTE SOCIAL;1
024;JADSON;10
024;JOÃO DETETIVE;12
024;CLAUDINHA;2
024;MOREIRA;9
024;PEU;2
024;GLAUBER DA SAÚDE;4
024;CID RODRIGUES;2
024;SAMUEL RODRIGUES;1
024;ZE MILTON;4
024;ERIC ERLON;2
024;MAURICIO COSTA;2
024;DILSON CORINGA DO BOI DE JANEI;2
024;JOÃO LUIZ DE NEGÃO;22
024;EILTON SANTIAGO;7
024;JARBINHAS;1
024;JUNIOR GARÇOM;11
024;CARLIM;17
025;MARCELO PETRONE;21
025;LORIM DA PADARIA;2
025;JOÃO PELA;3
025;VICTOR MOTORISTA BODÃO;1
025;ADEMIR PEDREIRO;1
025;VERONICA CHAVES;1
025;ANISIA DO SANTO ANTONIO;1
025;DORINHA;3
025;BETINHA DE LÉ;2
025;PEDRO (PH);1
025;DIM DEFICIENTE VISUAL;3
025;EDSON MIRANDA;6
025;TAZINHA;2
025;PRISCILA MATOS;1
025;EVANDRO PINHO;2
025;NADIA FRANCO;6
025;THIAGO DURÃES;12
025;CLEYTON GARDENAL;2
025;JUNIO BARBOSA;28
025;PALOMA PIPOQUINHA;1
025;NILO DO TAXI;4
025;TIÃO DE OLEGARIO;4
025;MESSIAS;2
025;NINHÃO;5
025;KÉSLEY;1
025;MARIA CLARA;9
025;NILCE ARTESÃ;2
025;MOACIR OLIVEIRA;3
025;GATINHO SARMENTO;1
025;JUAREZ DO TRATOR;2
025;HENILTON IMÓVEIS;5
025;ÍCARO CABELEREIRO;2
025;ZEZINHO DO SALÃO;21
025;LUCAS BAIXINHO;3
025;SERGINHO DA AUTO ELETRICA;1
025;MAERCIO;1
025;JADSON;9
025;JOÃO DETETIVE;17
025;BENE DA BALANÇA;3
025;LEILIANE PROFESSORA;1
025;CLAUDINHA;2
025;MOREIRA;7
025;PEU;1
025;GLAUBER DA SAÚDE;1
025;CID RODRIGUES;3
025;ERIC ERLON;5
025;MAURICIO COSTA;1
025;FABIO SOUZA;1
025;JOÃO LUIZ DE NEGÃO;16
025;EILTON SANTIAGO;4
025;GERSON TEIXEIRA;1
025;JUNIOR GARÇOM;12
025;CARLIM;9
026;MARCELO PETRONE;27
026;LORIM DA PADARIA;9
026;JOÃO PELA;7
026;VICTOR MOTORISTA BODÃO;2
026;CLAUDIO SAMPA;2
026;VERONICA CHAVES;2
026;VALDECIR BADEGA;4
026;DORINHA;4
026;BETINHA DE LÉ;5
026;LUIS VINICIUS DO CANTINHO;1
026;WESLEY GARÇOM;1
026;PEDRO (PH);2
026;EDSON MIRANDA;3
026;TAZINHA;1
026;PRISCILA MATOS;3
026;EVANDRO PINHO;1
026;GIL PAGÓLE;1
026;NADIA FRANCO;1
026;THIAGO DURÃES;8
026;CLEYTON GARDENAL;1
026;JUNIO BARBOSA;10
026;NILO DO TAXI;3
026;TIÃO DE OLEGARIO;6
026;MESSIAS;4
026;NINHÃO;3
026;KÉSLEY;3
026;MARIA CLARA;8
026;MOACIR OLIVEIRA;4
026;DEDÉ CAIPIRA;1
026;GATINHO SARMENTO;2
026;JUAREZ DO TRATOR;5
026;HENILTON IMÓVEIS;7
026;ÍCARO CABELEREIRO;5
026;ZEZINHO DO SALÃO;7
026;RUBINHO ENFERMEIRO;1
026;SERGINHO DA AUTO ELETRICA;1
026;LETICIA ASSISTENTE SOCIAL;2
026;JADSON;8
026;JOÃO DETETIVE;8
026;BENE DA BALANÇA;1
026;LIA DE BIDA;1
026;CLAUDINHA;1
026;VILSINHO;8
026;MOREIRA;17
026;GLAUBER DA SAÚDE;3
026;CID RODRIGUES;2
026;DAYANNE CARDOSO;2
026;ZE MILTON;1
026;ERIC ERLON;9
026;MAURICIO COSTA;1
026;GENIVALDO BARROS;3
026;DILSON CORINGA DO BOI DE JANEI;6
026;CAROL RODRIGUES;2
026;JOÃO LUIZ DE NEGÃO;15
026;EILTON SANTIAGO;13
026;JARBINHAS;3
026;JUNIOR GARÇOM;10
026;CARLIM;8
027;MARCELO PETRONE;33
027;LORIM DA PADARIA;5
027;MARINA SANTANA;1
027;VICTOR MOTORISTA BODÃO;2
027;VERONICA CHAVES;3
027;ANISIA DO SANTO ANTONIO;1
027;DORINHA;6
027;BETINHA DE LÉ;5
027;GISELE;1
027;DIM DEFICIENTE VISUAL;1
027;EDSON MIRANDA;2
027;TAZINHA;5
027;PRISCILA MATOS;4
027;EVANDRO PINHO;4
027;THIAGO DURÃES;4
027;CLEYTON GARDENAL;3
027;JUNIO BARBOSA;4
027;NILO DO TAXI;2
027;TIÃO DE OLEGARIO;5
027;MESSIAS;4
027;NINHÃO;3
027;KÉSLEY;5
027;MARIA CLARA;7
027;JOÃO ERIK PROTETOR;1
027;MOACIR OLIVEIRA;5
027;DEDÉ CAIPIRA;1
027;TINA SOARES;1
027;GATINHO SARMENTO;2
027;HENILTON IMÓVEIS;7
027;ÍCARO CABELEREIRO;3
027;ZEZINHO DO SALÃO;2
027;SERGINHO DA AUTO ELETRICA;1
027;LETICIA ASSISTENTE SOCIAL;3
027;JADSON;10
027;JOÃO DETETIVE;11
027;BENE DA BALANÇA;2
027;LIA DE BIDA;1
027;VILSINHO;2
027;VAGNER DA DENGUE;1
027;MOREIRA;9
027;PEU;3
027;GLAUBER DA SAÚDE;3
027;CID RODRIGUES;3
027;DAYANNE CARDOSO;2
027;ZE MILTON;1
027;ERIC ERLON;5
027;MAURICIO COSTA;2
027;GENIVALDO BARROS;3
027;DILSON CORINGA DO BOI DE JANEI;2
027;ELIANY MAE ATIPICA;1
027;FABIO SOUZA;1
027;CAROL RODRIGUES;1
027;JOÃO LUIZ DE NEGÃO;16
027;EILTON SANTIAGO;6
027;JARBINHAS;3
027;ALAN MIRANDA;3
027;FABIO SALES;3
027;JUNIOR GARÇOM;8
027;CARLIM;8
028;MARCELO PETRONE;36
028;LORIM DA PADARIA;7
028;JOÃO PELA;9
028;VICTOR MOTORISTA BODÃO;3
028;CLAUDIO SAMPA;1
028;ADEMIR PEDREIRO;1
028;VERONICA CHAVES;4
028;VALDECIR BADEGA;1
028;DORINHA;4
028;BETINHA DE LÉ;8
028;DIM DEFICIENTE VISUAL;2
028;EDSON MIRANDA;4
028;TAZINHA;1
028;SOLY;1
028;GIL PAGÓLE;1
028;NADIA FRANCO;1
028;THIAGO DURÃES;14
028;CLEYTON GARDENAL;1
028;JUNIO BARBOSA;3
028;PALOMA PIPOQUINHA;1
028;NILO DO TAXI;2
028;TIÃO DE OLEGARIO;3
028;MESSIAS;1
028;NINHÃO;3
028;KÉSLEY;3
028;MARIA CLARA;4
028;JOÃO ERIK PROTETOR;1
028;NILCE ARTESÃ;1
028;MOACIR OLIVEIRA;7
028;ELIETE SILVEIRA;1
028;ELLEN JÉSSICA;1
028;GATINHO SARMENTO;3
028;HENILTON IMÓVEIS;3
028;ÍCARO CABELEREIRO;1
028;ZEZINHO DO SALÃO;6
028;RUBINHO ENFERMEIRO;1
028;LETICIA ASSISTENTE SOCIAL;1
028;CIDA;1
028;PEDINHA DO BAR;1
028;JADSON;17
028;JOÃO DETETIVE;8
028;DALVA;1
028;BENE DA BALANÇA;2
028;LIA DE BIDA;2
028;CLAUDINHA;1
028;VILSINHO;1
028;VAGNER DA DENGUE;2
028;MOREIRA;10
028;GLAUBER DA SAÚDE;1
028;DAYANNE CARDOSO;5
028;ZE MILTON;1
028;ERIC ERLON;6
028;MAURICIO COSTA;1
028;GENIVALDO BARROS;3
028;DILSON CORINGA DO BOI DE JANEI;3
028;FABIO SOUZA;1
028;CAROL RODRIGUES;1
028;JOÃO LUIZ DE NEGÃO;28
028;EILTON SANTIAGO;6
028;JARBINHAS;1
028;ALAN MIRANDA;1
028;JUNIOR GARÇOM;5
028;CARLIM;9
028;SELMA MORENA;1
029;MARCELO PETRONE;31
029;LORIM DA PADARIA;7
029;JOÃO PELA;6
029;VICTOR MOTORISTA BODÃO;2
029;CLAUDIO SAMPA;1
029;VALDECIR BADEGA;1
029;DORINHA;3
029;BETINHA DE LÉ;8
029;DIM DEFICIENTE VISUAL;1
029;EDSON MIRANDA;8
029;TAZINHA;7
029;PRISCILA MATOS;4
029;EVANDRO PINHO;4
029;GIL PAGÓLE;1
029;THIAGO DURÃES;7
029;CLEYTON GARDENAL;1
029;JUNIO BARBOSA;5
029;NILO DO TAXI;2
029;TIÃO DE OLEGARIO;4
029;MESSIAS;1
029;NINHÃO;4
029;KÉSLEY;1
029;MARIA CLARA;9
029;AGNELO MEDINA;1
029;NILCE ARTESÃ;1
029;MOACIR OLIVEIRA;4
029;ELIETE SILVEIRA;1
029;GATINHO SARMENTO;2
029;JUAREZ DO TRATOR;2
029;HENILTON IMÓVEIS;6
029;ÍCARO CABELEREIRO;2
029;ZEZINHO DO SALÃO;6
029;LUCAS BAIXINHO;1
029;RUBINHO ENFERMEIRO;2
029;SERGINHO DA AUTO ELETRICA;2
029;LETICIA ASSISTENTE SOCIAL;1
029;JADSON;12
029;JOÃO DETETIVE;6
029;DALVA;1
029;BENE DA BALANÇA;1
029;LIA DE BIDA;1
029;CLAUDINHA;1
029;VILSINHO;2
029;VAGNER DA DENGUE;1
029;MOREIRA;8
029;CID RODRIGUES;5
029;DAYANNE CARDOSO;5
029;ZE MILTON;1
029;ERIC ERLON;6
029;GENIVALDO BARROS;1
029;DILSON CORINGA DO BOI DE JANEI;9
029;ELIANY MAE ATIPICA;1
029;FABIO SOUZA;2
029;CAROL RODRIGUES;1
029;JOÃO LUIZ DE NEGÃO;15
029;EILTON SANTIAGO;9
029;ALAN MIRANDA;1
029;FABIO SALES;1
029;PATTY;1
029;JUNIOR GARÇOM;7
029;CARLIM;13
030;MARCELO PETRONE;29
030;LORIM DA PADARIA;10
030;JOÃO PELA;3
030;MARINA SANTANA;1
030;CLAUDIO SAMPA;3
030;VERONICA CHAVES;2
030;DORINHA;4
030;HIANCA FERREIRA;1
030;BETINHA DE LÉ;9
030;PEDRO (PH);1
030;RAFA XCAR;1
030;DIM DEFICIENTE VISUAL;1
030;EDSON MIRANDA;3
030;ZOIM;1
030;TAZINHA;5
030;EVANDRO PINHO;1
030;SOLY;2
030;GIL PAGÓLE;1
030;NADIA FRANCO;1
030;THIAGO DURÃES;12
030;CLEYTON GARDENAL;3
030;JUNIO BARBOSA;4
030;NILO DO TAXI;5
030;TIÃO DE OLEGARIO;6
030;NINHÃO;2
030;KÉSLEY;5
030;MARIA CLARA;3
030;MOACIR OLIVEIRA;2
030;GATINHO SARMENTO;1
030;HENILTON IMÓVEIS;3
030;ÍCARO CABELEREIRO;3
030;ZEZINHO DO SALÃO;5
030;RUBINHO ENFERMEIRO;1
030;SERGINHO DA AUTO ELETRICA;3
030;LETICIA ASSISTENTE SOCIAL;3
030;CIDA;1
030;JADSON;18
030;JOÃO DETETIVE;7
030;DALVA;1
030;BENE DA BALANÇA;2
030;LIA DE BIDA;1
030;VILSINHO;1
030;MOREIRA;14
030;PEU;2
030;GLAUBER DA SAÚDE;2
030;CID RODRIGUES;2
030;DAYANNE CARDOSO;3
030;ZE MILTON;1
030;ERIC ERLON;6
030;GENIVALDO BARROS;2
030;DILSON CORINGA DO BOI DE JANEI;1
030;ELIANY MAE ATIPICA;2
030;FABIO SOUZA;1
030;CAROL RODRIGUES;1
030;JOÃO LUIZ DE NEGÃO;25
030;EILTON SANTIAGO;5
030;JARBINHAS;1
030;GERSON TEIXEIRA;1
030;FABIO SALES;1
030;JUNIOR GARÇOM;6
030;CARLIM;11
030;SELMA MORENA;1
031;MARCELO PETRONE;19
031;LORIM DA PADARIA;3
031;JOÃO PELA;7
031;VERONICA CHAVES;2
031;ANISIA DO SANTO ANTONIO;1
031;VALDECIR BADEGA;1
031;DORINHA;6
031;HIANCA FERREIRA;2
031;BETINHA DE LÉ;3
031;TAZINHA;4
031;EVANDRO PINHO;2
031;SOLY;2
031;THIAGO DURÃES;4
031;JUNIO BARBOSA;2
031;GERALDINHO;1
031;NILO DO TAXI;2
031;TIÃO DE OLEGARIO;5
031;MESSIAS;3
031;NINHÃO;1
031;KÉSLEY;3
031;MARIA CLARA;3
031;JOÃO ERIK PROTETOR;2
031;MOACIR OLIVEIRA;2
031;GATINHO SARMENTO;1
031;HENILTON IMÓVEIS;2
031;ZEZINHO DO SALÃO;5
031;RUBINHO ENFERMEIRO;1
031;SERGINHO DA AUTO ELETRICA;2
031;LETICIA ASSISTENTE SOCIAL;6
031;MAERCIO;1
031;JADSON;12
031;JOÃO DETETIVE;3
031;BENE DA BALANÇA;2
031;LIA DE BIDA;1
031;VILSINHO;4
031;MOREIRA;8
031;CID RODRIGUES;1
031;DAYANNE CARDOSO;4
031;ZE MILTON;4
031;ERIC ERLON;6
031;MAURICIO COSTA;2
031;GENIVALDO BARROS;3
031;DILSON CORINGA DO BOI DE JANEI;4
031;ELIANY MAE ATIPICA;2
031;FABIO SOUZA;1
031;JOÃO LUIZ DE NEGÃO;14
031;EILTON SANTIAGO;2
031;JARBINHAS;1
031;GERSON TEIXEIRA;1
031;ALAN MIRANDA;1
031;FABIO SALES;1
031;JUNIOR GARÇOM;8
031;CARLIM;8
031;SELMA MORENA;2
032;MARCELO PETRONE;14
032;LORIM DA PADARIA;5
032;JOÃO PELA;4
032;MARINA SANTANA;1
032;VERONICA CHAVES;3
032;DORINHA;5
032;HIANCA FERREIRA;1
032;BETINHA DE LÉ;9
032;DIM DEFICIENTE VISUAL;1
032;EDSON MIRANDA;2
032;ZOIM;1
032;TAZINHA;2
032;PRISCILA MATOS;1
032;EVANDRO PINHO;1
032;GIL PAGÓLE;1
032;THIAGO DURÃES;4
032;JUNIO BARBOSA;1
032;NILO DO TAXI;4
032;TIÃO DE OLEGARIO;2
032;MESSIAS;2
032;NINHÃO;2
032;MARIA CLARA;4
032;ANDRE CAIRES;1
032;JOÃO ERIK PROTETOR;1
032;MOACIR OLIVEIRA;3
032;GATINHO SARMENTO;1
032;JUAREZ DO TRATOR;1
032;HENILTON IMÓVEIS;5
032;ÍCARO CABELEREIRO;1
032;ZEZINHO DO SALÃO;4
032;RUBINHO ENFERMEIRO;1
032;SERGINHO DA AUTO ELETRICA;2
032;LETICIA ASSISTENTE SOCIAL;3
032;MAERCIO;1
032;JADSON;19
032;JOÃO DETETIVE;7
032;BENE DA BALANÇA;4
032;VILSINHO;7
032;MOREIRA;6
032;PEU;2
032;CID RODRIGUES;4
032;DAYANNE CARDOSO;4
032;ZE MILTON;3
032;ERIC ERLON;5
032;DILSON CORINGA DO BOI DE JANEI;2
032;ELIANY MAE ATIPICA;1
032;JOÃO LUIZ DE NEGÃO;16
032;EILTON SANTIAGO;4
032;JARBINHAS;1
032;JUNIOR GARÇOM;2
032;CARLIM;2
033;MARCELO PETRONE;25
033;LORIM DA PADARIA;2
033;JOÃO PELA;4
033;MARINA SANTANA;1
033;VERONICA CHAVES;1
033;VALDECIR BADEGA;1
033;DORINHA;5
033;HIANCA FERREIRA;1
033;BETINHA DE LÉ;5
033;RAFA XCAR;1
033;EDSON MIRANDA;6
033;TAZINHA;4
033;SOLY;1
033;THIAGO DURÃES;6
033;CLEYTON GARDENAL;1
033;JUNIO BARBOSA;2
033;NILO DO TAXI;2
033;TIÃO DE OLEGARIO;4
033;MESSIAS;2
033;LEIDE DA SAÚDE;1
033;KÉSLEY;2
033;MARIA CLARA;2
033;AGNELO MEDINA;1
033;MÁRCIO EVENTOS;1
033;JUAREZ DO TRATOR;1
033;HENILTON IMÓVEIS;5
033;ZEZINHO DO SALÃO;3
033;LUCAS BAIXINHO;1
033;RUBINHO ENFERMEIRO;2
033;SERGINHO DA AUTO ELETRICA;1
033;LETICIA ASSISTENTE SOCIAL;2
033;CIDA;1
033;PEDINHA DO BAR;1
033;JADSON;11
033;JOÃO DETETIVE;3
033;BENE DA BALANÇA;2
033;LIA DE BIDA;2
033;CLAUDINHA;1
033;VILSINHO;5
033;MOREIRA;8
033;CID RODRIGUES;2
033;DAYANNE CARDOSO;1
033;ERIC ERLON;3
033;MAURICIO COSTA;1
033;GENIVALDO BARROS;1
033;DILSON CORINGA DO BOI DE JANEI;2
033;ELIANY MAE ATIPICA;1
033;CAROL RODRIGUES;1
033;JOÃO LUIZ DE NEGÃO;19
033;EILTON SANTIAGO;7
033;JARBINHAS;1
033;JUNIOR GARÇOM;6
033;CARLIM;2
033;SELMA MORENA;1
034;MARCELO PETRONE;19
034;LORIM DA PADARIA;4
034;JOÃO PELA;3
034;MARINA SANTANA;1
034;DORINHA;9
034;HIANCA FERREIRA;1
034;BETINHA DE LÉ;6
034;EDSON MIRANDA;4
034;ZOIM;1
034;TAZINHA;2
034;PRISCILA MATOS;1
034;EVANDRO PINHO;1
034;SOLY;3
034;THIAGO DURÃES;6
034;CLEYTON GARDENAL;1
034;JUNIO BARBOSA;3
034;NILO DO TAXI;3
034;TIÃO DE OLEGARIO;2
034;MESSIAS;1
034;LEIDE DA SAÚDE;1
034;KÉSLEY;4
034;MARIA CLARA;9
034;AGNELO MEDINA;1
034;MOACIR OLIVEIRA;1
034;GATINHO SARMENTO;3
034;HENILTON IMÓVEIS;8
034;ÍCARO CABELEREIRO;1
034;ZEZINHO DO SALÃO;3
034;SERGINHO DA AUTO ELETRICA;1
034;LETICIA ASSISTENTE SOCIAL;2
034;MAERCIO;2
034;PEDINHA DO BAR;1
034;JADSON;2
034;JOÃO DETETIVE;3
034;DALVA;1
034;BENE DA BALANÇA;1
034;LIA DE BIDA;1
034;VILSINHO;6
034;MOREIRA;3
034;PEU;1
034;CID RODRIGUES;2
034;ZE MILTON;3
034;ERIC ERLON;4
034;MAURICIO COSTA;2
034;ESTÉ DO BRIGADEIRO;1
034;GENIVALDO BARROS;1
034;DILSON CORINGA DO BOI DE JANEI;6
034;FABIO SOUZA;1
034;JOÃO LUIZ DE NEGÃO;11
034;EILTON SANTIAGO;6
034;JARBINHAS;2
034;GERSON TEIXEIRA;1
034;JUNIOR GARÇOM;2
034;CARLIM;4
034;SELMA MORENA;1
035;MARCELO PETRONE;17
035;LORIM DA PADARIA;6
035;JOÃO PELA;12
035;MARINA SANTANA;1
035;VERONICA CHAVES;3
035;ANISIA DO SANTO ANTONIO;1
035;DORINHA;4
035;HIANCA FERREIRA;1
035;BETINHA DE LÉ;5
035;EDSON MIRANDA;4
035;TAZINHA;4
035;EVANDRO PINHO;3
035;THIAGO DURÃES;5
035;CLEYTON GARDENAL;3
035;JUNIO BARBOSA;2
035;NILO DO TAXI;8
035;TIÃO DE OLEGARIO;2
035;MESSIAS;3
035;LEIDE DA SAÚDE;1
035;NINHÃO;1
035;KÉSLEY;6
035;MARIA CLARA;4
035;JOÃO ERIK PROTETOR;1
035;MOACIR OLIVEIRA;3
035;GATINHO SARMENTO;3
035;HENILTON IMÓVEIS;7
035;ÍCARO CABELEREIRO;1
035;ZEZINHO DO SALÃO;2
035;LUCAS BAIXINHO;1
035;RUBINHO ENFERMEIRO;1
035;SERGINHO DA AUTO ELETRICA;1
035;LETICIA ASSISTENTE SOCIAL;1
035;CIDA;2
035;JADSON;13
035;JOÃO DETETIVE;2
035;DALVA;1
035;JO DA PADARIA;1
035;BENE DA BALANÇA;2
035;LIA DE BIDA;1
035;VILSINHO;3
035;VAGNER DA DENGUE;1
035;MOREIRA;4
035;PEU;1
035;GLAUBER DA SAÚDE;1
035;CID RODRIGUES;1
035;ZE MILTON;1
035;ERIC ERLON;7
035;DILSON CORINGA DO BOI DE JANEI;3
035;ELIANY MAE ATIPICA;2
035;JOÃO LUIZ DE NEGÃO;11
035;EILTON SANTIAGO;2
035;JARBINHAS;2
035;ALAN MIRANDA;1
035;FABIO SALES;2
035;JUNIOR GARÇOM;6
035;CARLIM;4
035;SELMA MORENA;1
036;MARCELO PETRONE;23
036;LORIM DA PADARIA;3
036;JOÃO PELA;10
036;MARINA SANTANA;1
036;CLAUDIO SAMPA;1
036;ADEMIR PEDREIRO;2
036;VERONICA CHAVES;1
036;DORINHA;5
036;BETINHA DE LÉ;6
036;LUIS VINICIUS DO CANTINHO;1
036;DIM DEFICIENTE VISUAL;1
036;EDSON MIRANDA;1
036;ZOIM;1
036;TAZINHA;3
036;NADIA FRANCO;2
036;THIAGO DURÃES;8
036;CLEYTON GARDENAL;1
036;NILO DO TAXI;3
036;TIÃO DE OLEGARIO;5
036;MESSIAS;1
036;MARIA CLARA;4
036;AGNELO MEDINA;1
036;JOÃO ERIK PROTETOR;2
036;MOACIR OLIVEIRA;2
036;ELLEN JÉSSICA;1
036;GATINHO SARMENTO;1
036;HENILTON IMÓVEIS;4
036;ÍCARO CABELEREIRO;1
036;GERALDO DO PINCH;1
036;ZEZINHO DO SALÃO;5
036;LETICIA ASSISTENTE SOCIAL;1
036;MAERCIO;1
036;CIDA;1
036;JADSON;7
036;JOÃO DETETIVE;4
036;BENE DA BALANÇA;1
036;LIA DE BIDA;3
036;CLAUDINHA;1
036;VILSINHO;1
036;MOREIRA;5
036;PEU;1
036;CID RODRIGUES;3
036;DAYANNE CARDOSO;3
036;ZE MILTON;2
036;ERIC ERLON;4
036;MAURICIO COSTA;2
036;DILSON CORINGA DO BOI DE JANEI;2
036;ELIANY MAE ATIPICA;1
036;FABIO SOUZA;1
036;CAROL RODRIGUES;2
036;JOÃO LUIZ DE NEGÃO;17
036;EILTON SANTIAGO;10
036;JARBINHAS;1
036;ALAN MIRANDA;1
036;FABIO SALES;1
036;JUNIOR GARÇOM;3
036;CARLIM;2
037;MARCELO PETRONE;19
037;LORIM DA PADARIA;3
037;JOÃO PELA;6
037;MARINA SANTANA;2
037;CLAUDIO SAMPA;1
037;VERONICA CHAVES;1
037;DORINHA;5
037;HIANCA FERREIRA;2
037;BETINHA DE LÉ;4
037;LUIS VINICIUS DO CANTINHO;1
037;EDSON MIRANDA;4
037;ZOIM;1
037;TAZINHA;3
037;EVANDRO PINHO;3
037;SOLY;1
037;THIAGO DURÃES;6
037;JUNIO BARBOSA;3
037;NILO DO TAXI;5
037;TIÃO DE OLEGARIO;3
037;MESSIAS;1
037;KÉSLEY;1
037;MARIA CLARA;7
037;JOÃO ERIK PROTETOR;1
037;MORGANA FIGUEIREDO;1
037;JUAREZ DO TRATOR;1
037;HENILTON IMÓVEIS;1
037;ÍCARO CABELEREIRO;2
037;LUCAS BAIXINHO;3
037;SERGINHO DA AUTO ELETRICA;1
037;LETICIA ASSISTENTE SOCIAL;2
037;JADSON;15
037;JOÃO DETETIVE;5
037;BENE DA BALANÇA;1
037;LEILIANE PROFESSORA;3
037;LIA DE BIDA;2
037;VILSINHO;2
037;MOREIRA;7
037;GLAUBER DA SAÚDE;2
037;CID RODRIGUES;1
037;DAYANNE CARDOSO;5
037;ERIC ERLON;5
037;MAURICIO COSTA;1
037;GENIVALDO BARROS;5
037;DILSON CORINGA DO BOI DE JANEI;2
037;ELIANY MAE ATIPICA;1
037;JOÃO LUIZ DE NEGÃO;12
037;EILTON SANTIAGO;4
037;JARBINHAS;1
037;ALAN MIRANDA;1
037;PATTY;1
037;JUNIOR GARÇOM;8
037;CARLIM;5
038;MARCELO PETRONE;15
038;LORIM DA PADARIA;3
038;JOÃO PELA;3
038;MARINA SANTANA;1
038;VERONICA CHAVES;5
038;VALDECIR BADEGA;1
038;DORINHA;5
038;HIANCA FERREIRA;1
038;BETINHA DE LÉ;8
038;EDSON MIRANDA;3
038;ZOIM;2
038;TAZINHA;6
038;PRISCILA MATOS;2
038;EVANDRO PINHO;1
038;GIL PAGÓLE;1
038;THIAGO DURÃES;6
038;CLEYTON GARDENAL;1
038;JUNIO BARBOSA;2
038;PALOMA PIPOQUINHA;1
038;NILO DO TAXI;3
038;TIÃO DE OLEGARIO;3
038;MESSIAS;1
038;NINHÃO;1
038;KÉSLEY;2
038;MARIA CLARA;3
038;JOÃO ERIK PROTETOR;2
038;MOACIR OLIVEIRA;2
038;GATINHO SARMENTO;2
038;JUAREZ DO TRATOR;4
038;HENILTON IMÓVEIS;3
038;ZEZINHO DO SALÃO;3
038;SERGINHO DA AUTO ELETRICA;4
038;LETICIA ASSISTENTE SOCIAL;2
038;JADSON;9
038;JOÃO DETETIVE;10
038;BENE DA BALANÇA;1
038;LEILIANE PROFESSORA;1
038;LIA DE BIDA;1
038;VILSINHO;1
038;MOREIRA;5
038;PEU;1
038;CID RODRIGUES;1
038;DAYANNE CARDOSO;3
038;ZE MILTON;2
038;ERIC ERLON;4
038;MAURICIO COSTA;2
038;GENIVALDO BARROS;3
038;DILSON CORINGA DO BOI DE JANEI;3
038;JOÃO LUIZ DE NEGÃO;10
038;EILTON SANTIAGO;7
038;JARBINHAS;2
038;JUNIOR GARÇOM;9
038;CARLIM;5
039;MARCELO PETRONE;38
039;LORIM DA PADARIA;7
039;JOÃO PELA;4
039;MARINA SANTANA;2
039;VICTOR MOTORISTA BODÃO;2
039;CLAUDIO SAMPA;1
039;ADEMIR PEDREIRO;1
039;VERONICA CHAVES;1
039;DORINHA;8
039;HIANCA FERREIRA;1
039;BETINHA DE LÉ;3
039;DIM DEFICIENTE VISUAL;1
039;EDSON MIRANDA;3
039;ZOIM;1
039;TAZINHA;4
039;PRISCILA MATOS;2
039;SOLY;1
039;GIL PAGÓLE;1
039;NADIA FRANCO;2
039;THIAGO DURÃES;5
039;CLEYTON GARDENAL;2
039;JUNIO BARBOSA;5
039;NILO DO TAXI;4
039;TIÃO DE OLEGARIO;2
039;MESSIAS;2
039;NINHÃO;5
039;KÉSLEY;4
039;MARIA CLARA;11
039;JOÃO ERIK PROTETOR;3
039;MOACIR OLIVEIRA;2
039;ELIETE SILVEIRA;1
039;DEDÉ CAIPIRA;1
039;MÁRCIO EVENTOS;1
039;GATINHO SARMENTO;2
039;JUAREZ DO TRATOR;2
039;HENILTON IMÓVEIS;3
039;ÍCARO CABELEREIRO;4
039;ZEZINHO DO SALÃO;3
039;LUCAS BAIXINHO;2
039;RUBINHO ENFERMEIRO;1
039;SERGINHO DA AUTO ELETRICA;1
039;LETICIA ASSISTENTE SOCIAL;2
039;MAERCIO;2
039;PEDINHA DO BAR;2
039;JADSON;24
039;JOÃO DETETIVE;7
039;LIA DE BIDA;1
039;MOREIRA;9
039;PEU;2
039;CID RODRIGUES;3
039;DAYANNE CARDOSO;2
039;ZE MILTON;5
039;ERIC ERLON;8
039;GENIVALDO BARROS;2
039;JOÃO LUIZ DE NEGÃO;20
039;EILTON SANTIAGO;3
039;JARBINHAS;1
039;ALAN MIRANDA;1
039;FABIO SALES;2
039;JUNIOR GARÇOM;3
039;CARLIM;8
039;SELMA MORENA;1
040;MARCELO PETRONE;32
040;LORIM DA PADARIA;5
040;JOÃO PELA;4
040;MARINA SANTANA;1
040;VALDECIR BADEGA;1
040;DORINHA;6
040;BETINHA DE LÉ;3
040;DIM DEFICIENTE VISUAL;1
040;EDSON MIRANDA;2
040;TAZINHA;4
040;PRISCILA MATOS;4
040;EVANDRO PINHO;1
040;NADIA FRANCO;2
040;THIAGO DURÃES;6
040;CLEYTON GARDENAL;2
040;JUNIO BARBOSA;3
040;NILO DO TAXI;1
040;TIÃO DE OLEGARIO;9
040;MESSIAS;1
040;NINHÃO;1
040;KÉSLEY;7
040;MARIA CLARA;5
040;JOÃO ERIK PROTETOR;1
040;MOACIR OLIVEIRA;4
040;MÁRCIO EVENTOS;1
040;MORGANA FIGUEIREDO;1
040;HENILTON IMÓVEIS;5
040;ÍCARO CABELEREIRO;3
040;ZEZINHO DO SALÃO;8
040;LUCAS BAIXINHO;1
040;SERGINHO DA AUTO ELETRICA;1
040;LETICIA ASSISTENTE SOCIAL;5
040;CIDA;1
040;PEDINHA DO BAR;2
040;JADSON;15
040;JOÃO DETETIVE;4
040;BENE DA BALANÇA;1
040;CLAUDINHA;2
040;MOREIRA;9
040;PEU;1
040;GLAUBER DA SAÚDE;1
040;DAYANNE CARDOSO;4
040;ZE MILTON;3
040;ERIC ERLON;7
040;MAURICIO COSTA;2
040;GENIVALDO BARROS;1
040;DILSON CORINGA DO BOI DE JANEI;2
040;FABIO SOUZA;1
040;JOÃO LUIZ DE NEGÃO;24
040;EILTON SANTIAGO;10
040;JARBINHAS;1
040;JUNIOR GARÇOM;10
040;CARLIM;7
040;SELMA MORENA;1
041;MARCELO PETRONE;26
041;LORIM DA PADARIA;9
041;JOÃO PELA;11
041;CLAUDIO SAMPA;1
041;ADEMIR PEDREIRO;1
041;VERONICA CHAVES;1
041;VALDECIR BADEGA;3
041;DORINHA;3
041;BETINHA DE LÉ;7
041;DIM DEFICIENTE VISUAL;1
041;EDSON MIRANDA;7
041;ZOIM;1
041;TAZINHA;3
041;PRISCILA MATOS;1
041;EVANDRO PINHO;3
041;SOLY;2
041;THIAGO DURÃES;9
041;CLEYTON GARDENAL;3
041;JUNIO BARBOSA;8
041;NILO DO TAXI;2
041;TIÃO DE OLEGARIO;4
041;MESSIAS;1
041;NINHÃO;2
041;KÉSLEY;3
041;MARIA CLARA;5
041;JOÃO ERIK PROTETOR;1
041;MOACIR OLIVEIRA;2
041;ELIETE SILVEIRA;1
041;ELLEN JÉSSICA;1
041;GATINHO SARMENTO;4
041;JUAREZ DO TRATOR;1
041;HENILTON IMÓVEIS;2
041;ÍCARO CABELEREIRO;5
041;GERALDO DO PINCH;1
041;ZEZINHO DO SALÃO;5
041;RUBINHO ENFERMEIRO;2
041;SERGINHO DA AUTO ELETRICA;2
041;LETICIA ASSISTENTE SOCIAL;4
041;PEDINHA DO BAR;3
041;JADSON;20
041;JOÃO DETETIVE;6
041;JO DA PADARIA;1
041;BENE DA BALANÇA;1
041;LEILIANE PROFESSORA;2
041;CLAUDINHA;1
041;VILSINHO;2
041;VAGNER DA DENGUE;1
041;MOREIRA;10
041;GLAUBER DA SAÚDE;2
041;CID RODRIGUES;3
041;SAMUEL RODRIGUES;2
041;DAYANNE CARDOSO;5
041;ZE MILTON;2
041;ERIC ERLON;6
041;ESTÉ DO BRIGADEIRO;1
041;GENIVALDO BARROS;2
041;DILSON CORINGA DO BOI DE JANEI;1
041;ELIANY MAE ATIPICA;1
041;FABIO SOUZA;2
041;CAROL RODRIGUES;1
041;JOÃO LUIZ DE NEGÃO;26
041;EILTON SANTIAGO;7
041;JARBINHAS;1
041;JUNIOR GARÇOM;14
041;CARLIM;4
041;HAYANNE ERIKA;1
042;MARCELO PETRONE;17
042;LORIM DA PADARIA;3
042;JOÃO PELA;3
042;CLAUDIO SAMPA;1
042;ADEMIR PEDREIRO;2
042;LICO DA MATRONA;1
042;VERONICA CHAVES;1
042;DORINHA;2
042;BETINHA DE LÉ;2
042;EDSON MIRANDA;2
042;TAZINHA;3
042;EVANDRO PINHO;1
042;GIL PAGÓLE;1
042;THIAGO DURÃES;5
042;JUNIO BARBOSA;5
042;GERALDINHO;1
042;NILO DO TAXI;5
042;TIÃO DE OLEGARIO;7
042;MESSIAS;2
042;NINHÃO;24
042;KÉSLEY;2
042;MARIA CLARA;8
042;MOACIR OLIVEIRA;1
042;ELIETE SILVEIRA;1
042;TINA SOARES;1
042;HENILTON IMÓVEIS;1
042;ÍCARO CABELEREIRO;3
042;ZEZINHO DO SALÃO;7
042;LUCAS BAIXINHO;1
042;RUBINHO ENFERMEIRO;2
042;LETICIA ASSISTENTE SOCIAL;1
042;PEDINHA DO BAR;1
042;JADSON;34
042;JOÃO DETETIVE;11
042;BENE DA BALANÇA;1
042;LIA DE BIDA;1
042;CLAUDINHA;1
042;MOREIRA;6
042;GLAUBER DA SAÚDE;2
042;ELIZENE;1
042;ZE MILTON;1
042;ERIC ERLON;1
042;DILSON CORINGA DO BOI DE JANEI;2
042;FABIO SOUZA;2
042;CAROL RODRIGUES;1
042;JOÃO LUIZ DE NEGÃO;15
042;EILTON SANTIAGO;6
042;JARBINHAS;3
042;ALAN MIRANDA;1
042;JUNIOR GARÇOM;4
042;CARLIM;6
043;MARCELO PETRONE;19
043;JOÃO PELA;1
043;ADEMIR PEDREIRO;1
043;VERONICA CHAVES;1
043;VALDECIR BADEGA;1
043;DORINHA;5
043;BETINHA DE LÉ;3
043;PEDRO (PH);1
043;EDSON MIRANDA;3
043;ZOIM;1
043;GIL PAGÓLE;1
043;THIAGO DURÃES;5
043;CLEYTON GARDENAL;1
043;JUNIO BARBOSA;7
043;NILO DO TAXI;4
043;TIÃO DE OLEGARIO;2
043;MESSIAS;7
043;NINHÃO;34
043;MARIA CLARA;7
043;JOÃO ERIK PROTETOR;1
043;MOACIR OLIVEIRA;5
043;ELIETE SILVEIRA;1
043;GATINHO SARMENTO;2
043;ÍCARO CABELEREIRO;5
043;ZEZINHO DO SALÃO;5
043;LUCAS BAIXINHO;1
043;RUBINHO ENFERMEIRO;2
043;MAERCIO;3
043;PEDINHA DO BAR;1
043;JADSON;33
043;JOÃO DETETIVE;9
043;DALVA;1
043;LEILIANE PROFESSORA;1
043;VILSINHO;2
043;MOREIRA;4
043;GLAUBER DA SAÚDE;3
043;CID RODRIGUES;2
043;DAYANNE CARDOSO;2
043;ZE MILTON;2
043;ERIC ERLON;2
043;MAURICIO COSTA;2
043;ELIANY MAE ATIPICA;2
043;FABIO SOUZA;1
043;JOÃO LUIZ DE NEGÃO;14
043;EILTON SANTIAGO;8
043;JARBINHAS;2
043;JUNIOR GARÇOM;3
043;CARLIM;9
044;MARCELO PETRONE;28
044;LORIM DA PADARIA;3
044;JOÃO PELA;5
044;MARINA SANTANA;3
044;VICTOR MOTORISTA BODÃO;1
044;CLAUDIO SAMPA;2
044;ADEMIR PEDREIRO;1
044;VERONICA CHAVES;1
044;DORINHA;6
044;HIANCA FERREIRA;1
044;BETINHA DE LÉ;3
044;LUIS VINICIUS DO CANTINHO;1
044;DIM DEFICIENTE VISUAL;1
044;EDSON MIRANDA;3
044;ZOIM;6
044;TAZINHA;5
044;PRISCILA MATOS;2
044;EVANDRO PINHO;2
044;GIL PAGÓLE;1
044;NADIA FRANCO;1
044;THIAGO DURÃES;10
044;CLEYTON GARDENAL;4
044;JUNIO BARBOSA;3
044;NILO DO TAXI;2
044;TIÃO DE OLEGARIO;9
044;KÉSLEY;3
044;MARIA CLARA;8
044;MOACIR OLIVEIRA;5
044;MÁRCIO EVENTOS;1
044;ELLEN JÉSSICA;1
044;GATINHO SARMENTO;2
044;JUAREZ DO TRATOR;2
044;HENILTON IMÓVEIS;7
044;ZEZINHO DO SALÃO;10
044;RUBINHO ENFERMEIRO;1
044;SERGINHO DA AUTO ELETRICA;1
044;LETICIA ASSISTENTE SOCIAL;1
044;MAERCIO;1
044;PEDINHA DO BAR;1
044;JADSON;6
044;JO DA PADARIA;1
044;BENE DA BALANÇA;7
044;LEILIANE PROFESSORA;1
044;LIA DE BIDA;2
044;VILSINHO;2
044;VAGNER DA DENGUE;1
044;MOREIRA;11
044;PEU;1
044;ZE MILTON;1
044;ERIC ERLON;4
044;MAURICIO COSTA;1
044;ELIANY MAE ATIPICA;1
044;CAROL RODRIGUES;5
044;JOÃO LUIZ DE NEGÃO;16
044;EILTON SANTIAGO;8
044;JARBINHAS;1
044;ALAN MIRANDA;1
044;FABIO SALES;3
044;JUNIOR GARÇOM;5
044;CARLIM;3
045;MARCELO PETRONE;29
045;LORIM DA PADARIA;1
045;JOÃO PELA;7
045;MARINA SANTANA;3
045;VICTOR MOTORISTA BODÃO;1
045;CLAUDIO SAMPA;3
045;ADEMIR PEDREIRO;1
045;DORINHA;7
045;BETINHA DE LÉ;1
045;ORALDO MARTINS;2
045;DIM DEFICIENTE VISUAL;2
045;EDSON MIRANDA;5
045;ZOIM;4
045;TAZINHA;3
045;PRISCILA MATOS;1
045;NADIA FRANCO;1
045;THIAGO DURÃES;3
045;JUNIO BARBOSA;1
045;NILO DO TAXI;6
045;TIÃO DE OLEGARIO;9
045;MESSIAS;1
045;NINHÃO;1
045;KÉSLEY;4
045;MARIA CLARA;8
045;JOÃO ERIK PROTETOR;1
045;MOACIR OLIVEIRA;6
045;ELIETE SILVEIRA;1
045;ELLEN JÉSSICA;3
045;GATINHO SARMENTO;1
045;JUAREZ DO TRATOR;1
045;HENILTON IMÓVEIS;7
045;ÍCARO CABELEREIRO;1
045;ZEZINHO DO SALÃO;5
045;LUCAS BAIXINHO;2
045;SERGINHO DA AUTO ELETRICA;3
045;LETICIA ASSISTENTE SOCIAL;2
045;MAERCIO;4
045;JADSON;14
045;JOÃO DETETIVE;3
045;JO DA PADARIA;2
045;BENE DA BALANÇA;8
045;LEILIANE PROFESSORA;1
045;LIA DE BIDA;5
045;MOREIRA;10
045;PEU;2
045;GLAUBER DA SAÚDE;1
045;CID RODRIGUES;1
045;SAMUEL RODRIGUES;1
045;ZE MILTON;1
045;ERIC ERLON;1
045;MAURICIO COSTA;3
045;GENIVALDO BARROS;1
045;DILSON CORINGA DO BOI DE JANEI;1
045;CAROL RODRIGUES;1
045;JOÃO LUIZ DE NEGÃO;15
045;EILTON SANTIAGO;4
045;JARBINHAS;3
045;GERSON TEIXEIRA;3
045;ALAN MIRANDA;1
045;FABIO SALES;2
045;JUNIOR GARÇOM;3
045;CARLIM;4
045;SELMA MORENA;1
046;MARCELO PETRONE;17
046;LORIM DA PADARIA;3
046;JOÃO PELA;9
046;MARINA SANTANA;2
046;VICTOR MOTORISTA BODÃO;1
046;CLAUDIO SAMPA;1
046;ADEMIR PEDREIRO;1
046;VERONICA CHAVES;4
046;DORINHA;6
046;BETINHA DE LÉ;2
046;ORALDO MARTINS;2
046;RAFA XCAR;1
046;EDSON MIRANDA;10
046;ZOIM;5
046;TAZINHA;4
046;PRISCILA MATOS;1
046;THIAGO DURÃES;14
046;NILO DO TAXI;2
046;TIÃO DE OLEGARIO;6
046;LEIDE DA SAÚDE;1
046;NINHÃO;2
046;KÉSLEY;2
046;MARIA CLARA;11
046;JOÃO ERIK PROTETOR;1
046;NILCE ARTESÃ;2
046;MOACIR OLIVEIRA;10
046;GATINHO SARMENTO;2
046;JUAREZ DO TRATOR;3
046;HENILTON IMÓVEIS;5
046;ZEZINHO DO SALÃO;12
046;LUCAS BAIXINHO;2
046;SERGINHO DA AUTO ELETRICA;4
046;LETICIA ASSISTENTE SOCIAL;1
046;PEDINHA DO BAR;1
046;JADSON;17
046;JOÃO DETETIVE;3
046;JO DA PADARIA;1
046;BENE DA BALANÇA;1
046;LIA DE BIDA;5
046;VAGNER DA DENGUE;1
046;MOREIRA;4
046;PEU;2
046;GLAUBER DA SAÚDE;2
046;SAMUEL RODRIGUES;1
046;DAYANNE CARDOSO;1
046;ZE MILTON;1
046;ERIC ERLON;7
046;MAURICIO COSTA;2
046;FABIO SOUZA;1
046;CAROL RODRIGUES;1
046;JOÃO LUIZ DE NEGÃO;12
046;EILTON SANTIAGO;5
046;JARBINHAS;2
046;GERSON TEIXEIRA;1
046;ALAN MIRANDA;1
046;FABIO SALES;3
046;PATTY;2
046;JUNIOR GARÇOM;7
046;CARLIM;11
046;DEOLINDA DO FORRO;2
047;MARCELO PETRONE;15
047;LORIM DA PADARIA;4
047;JOÃO PELA;10
047;MARINA SANTANA;1
047;VERONICA CHAVES;1
047;VALDECIR BADEGA;1
047;DORINHA;3
047;HIANCA FERREIRA;1
047;BETINHA DE LÉ;5
047;GISELE;1
047;ORALDO MARTINS;2
047;RAFA XCAR;1
047;MARLY;1
047;EDSON MIRANDA;7
047;ZOIM;2
047;TAZINHA;4
047;PRISCILA MATOS;1
047;NADIA FRANCO;1
047;THIAGO DURÃES;7
047;CLEYTON GARDENAL;2
047;JUNIO BARBOSA;3
047;TIÃO DE OLEGARIO;10
047;LEIDE DA SAÚDE;2
047;NINHÃO;1
047;MARIA CLARA;6
047;AGNELO MEDINA;1
047;JOÃO ERIK PROTETOR;1
047;MOACIR OLIVEIRA;10
047;GATINHO SARMENTO;2
047;JUAREZ DO TRATOR;1
047;HENILTON IMÓVEIS;17
047;ZEZINHO DO SALÃO;12
047;SERGINHO DA AUTO ELETRICA;1
047;LETICIA ASSISTENTE SOCIAL;2
047;PEDINHA DO BAR;1
047;JADSON;11
047;JOÃO DETETIVE;4
047;DALVA;1
047;BENE DA BALANÇA;8
047;LEILIANE PROFESSORA;1
047;LIA DE BIDA;4
047;MOREIRA;6
047;PEU;1
047;DAYANNE CARDOSO;1
047;ERIC ERLON;7
047;GENIVALDO BARROS;2
047;DILSON CORINGA DO BOI DE JANEI;1
047;ELIANY MAE ATIPICA;1
047;CAROL RODRIGUES;3
047;JOÃO LUIZ DE NEGÃO;11
047;EILTON SANTIAGO;8
047;JARBINHAS;5
047;GERSON TEIXEIRA;2
047;ALAN MIRANDA;3
047;FABIO SALES;4
047;PATTY;3
047;JUNIOR GARÇOM;8
047;CARLIM;7
048;MARCELO PETRONE;16
048;LORIM DA PADARIA;3
048;JOÃO PELA;11
048;MARINA SANTANA;1
048;VICTOR MOTORISTA BODÃO;4
048;ADEMIR PEDREIRO;1
048;VERONICA CHAVES;1
048;VALDECIR BADEGA;1
048;DORINHA;5
048;BETINHA DE LÉ;6
048;GISELE;1
048;EDSON MIRANDA;9
048;ZOIM;5
048;TAZINHA;10
048;PRISCILA MATOS;1
048;GIL PAGÓLE;1
048;THIAGO DURÃES;3
048;CLEYTON GARDENAL;2
048;JUNIO BARBOSA;4
048;NILO DO TAXI;5
048;TIÃO DE OLEGARIO;9
048;MESSIAS;2
048;KÉSLEY;4
048;MARIA CLARA;6
048;MOACIR OLIVEIRA;8
048;GATINHO SARMENTO;4
048;HENILTON IMÓVEIS;7
048;ÍCARO CABELEREIRO;1
048;ZEZINHO DO SALÃO;5
048;LUCAS BAIXINHO;1
048;SERGINHO DA AUTO ELETRICA;4
048;LETICIA ASSISTENTE SOCIAL;2
048;MAERCIO;3
048;PEDINHA DO BAR;2
048;JADSON;6
048;JOÃO DETETIVE;4
048;JO DA PADARIA;1
048;BENE DA BALANÇA;5
048;LEILIANE PROFESSORA;2
048;LIA DE BIDA;9
048;VAGNER DA DENGUE;2
048;MOREIRA;6
048;PEU;5
048;GLAUBER DA SAÚDE;3
048;CID RODRIGUES;1
048;DAYANNE CARDOSO;1
048;ZE MILTON;3
048;ERIC ERLON;4
048;MAURICIO COSTA;2
048;ELIANY MAE ATIPICA;2
048;CAROL RODRIGUES;1
048;JOÃO LUIZ DE NEGÃO;10
048;EILTON SANTIAGO;7
048;JARBINHAS;1
048;GERSON TEIXEIRA;1
048;ALAN MIRANDA;4
048;FABIO SALES;4
048;JUNIOR GARÇOM;3
048;CARLIM;7
049;MARCELO PETRONE;28
049;LORIM DA PADARIA;3
049;JOÃO PELA;9
049;MARINA SANTANA;2
049;VICTOR MOTORISTA BODÃO;1
049;CLAUDIO SAMPA;3
049;ADEMIR PEDREIRO;1
049;VERONICA CHAVES;1
049;ANISIA DO SANTO ANTONIO;3
049;VALDECIR BADEGA;1
049;DORINHA;6
049;BETINHA DE LÉ;10
049;ORALDO MARTINS;2
049;EDSON MIRANDA;5
049;ZOIM;6
049;TAZINHA;8
049;PRISCILA MATOS;2
049;EVANDRO PINHO;1
049;GIL PAGÓLE;1
049;NADIA FRANCO;1
049;THIAGO DURÃES;8
049;JUNIO BARBOSA;4
049;PALOMA PIPOQUINHA;1
049;NILO DO TAXI;3
049;TIÃO DE OLEGARIO;5
049;MESSIAS;1
049;KÉSLEY;1
049;MARIA CLARA;8
049;NILCE ARTESÃ;4
049;MOACIR OLIVEIRA;6
049;ELLEN JÉSSICA;1
049;JUAREZ DO TRATOR;1
049;HENILTON IMÓVEIS;8
049;ÍCARO CABELEREIRO;1
049;ZEZINHO DO SALÃO;5
049;LUCAS BAIXINHO;2
049;SERGINHO DA AUTO ELETRICA;5
049;MAERCIO;3
049;PEDINHA DO BAR;1
049;JADSON;14
049;JOÃO DETETIVE;2
049;JO DA PADARIA;1
049;BENE DA BALANÇA;3
049;LEILIANE PROFESSORA;2
049;LIA DE BIDA;6
049;VILSINHO;1
049;VAGNER DA DENGUE;1
049;MOREIRA;4
049;PEU;1
049;GLAUBER DA SAÚDE;3
049;CID RODRIGUES;3
049;SAMUEL RODRIGUES;1
049;ZE MILTON;3
049;ERIC ERLON;3
049;MAURICIO COSTA;2
049;GENIVALDO BARROS;1
049;ELIANY MAE ATIPICA;1
049;CAROL RODRIGUES;3
049;JOÃO LUIZ DE NEGÃO;9
049;EILTON SANTIAGO;9
049;JARBINHAS;3
049;GERSON TEIXEIRA;1
049;ALAN MIRANDA;2
049;FABIO SALES;1
049;PATTY;1
049;JUNIOR GARÇOM;6
049;CARLIM;10
049;HAYANNE ERIKA;2
049;SELMA MORENA;1
055;MARCELO PETRONE;3
055;JOÃO PELA;4
055;CLAUDIO SAMPA;8
055;VERONICA CHAVES;1
055;DORINHA;4
055;BETINHA DE LÉ;12
055;LUIS VINICIUS DO CANTINHO;2
055;EDSON MIRANDA;3
055;TAZINHA;20
055;PRISCILA MATOS;1
055;THIAGO DURÃES;4
055;CLEYTON GARDENAL;21
055;TIÃO DE OLEGARIO;4
055;LEIDE DA SAÚDE;4
055;KÉSLEY;9
055;MARIA CLARA;2
055;JUAREZ DO TRATOR;4
055;HENILTON IMÓVEIS;2
055;ZEZINHO DO SALÃO;1
055;LETICIA ASSISTENTE SOCIAL;2
055;MAERCIO;7
055;JADSON;1
055;JOÃO DETETIVE;2
055;BENE DA BALANÇA;1
055;CID RODRIGUES;1
055;CAROL RODRIGUES;1
055;JOÃO LUIZ DE NEGÃO;4
055;EILTON SANTIAGO;3
055;JARBINHAS;16
056;MARCELO PETRONE;34
056;JOÃO PELA;4
056;ADEMIR PEDREIRO;1
056;DORINHA;30
056;BETINHA DE LÉ;18
056;WESLEY GARÇOM;2
056;TAZINHA;6
056;PRISCILA MATOS;1
056;THIAGO DURÃES;8
056;TIÃO DE OLEGARIO;1
056;NINHÃO;2
056;MARIA CLARA;1
056;MOACIR OLIVEIRA;39
056;ZEZINHO DO SALÃO;1
056;PEDINHA DO BAR;2
056;JADSON;1
056;LIA DE BIDA;1
056;GLAUBER DA SAÚDE;1
056;JOÃO LUIZ DE NEGÃO;4
056;JUNIOR GARÇOM;1
056;DEOLINDA DO FORRO;1
059;MARCELO PETRONE;1
059;JOÃO PELA;3
059;CLAUDIO SAMPA;2
059;ADEMIR PEDREIRO;1
059;ANISIA DO SANTO ANTONIO;1
059;DORINHA;1
059;BETINHA DE LÉ;22
059;TAZINHA;6
059;CLEYTON GARDENAL;2
059;TIÃO DE OLEGARIO;7
059;LEIDE DA SAÚDE;4
059;JUAREZ DO TRATOR;6
059;JARBINHAS;3
060;MARCELO PETRONE;6
060;DORINHA;19
060;ORALDO MARTINS;1
060;WESLEY GARÇOM;1
060;EDSON MIRANDA;10
060;THIAGO DURÃES;4
060;TIÃO DE OLEGARIO;20
060;KÉSLEY;3
060;GATINHO SARMENTO;9
060;SERGINHO DA AUTO ELETRICA;1
060;PEDINHA DO BAR;5
060;JOÃO DETETIVE;3
060;BENE DA BALANÇA;1
060;GLAUBER DA SAÚDE;1
060;MAURICIO COSTA;1
060;GENIVALDO BARROS;2
060;CAROL RODRIGUES;1
060;EILTON SANTIAGO;10
060;ALAN MIRANDA;4
060;JUNIOR GARÇOM;1
060;CARLIM;1
061;MARCELO PETRONE;12
061;JOÃO PELA;15
061;MARINA SANTANA;1
061;CLAUDIO SAMPA;1
061;ANISIA DO SANTO ANTONIO;7
061;DORINHA;5
061;BETINHA DE LÉ;15
061;LUIS VINICIUS DO CANTINHO;14
061;EDSON MIRANDA;2
061;TAZINHA;28
061;SOLY;1
061;THIAGO DURÃES;4
061;NILO DO TAXI;1
061;KÉSLEY;1
061;MARIA CLARA;3
061;MOACIR OLIVEIRA;3
061;HENILTON IMÓVEIS;6
061;MAERCIO;1
061;JOÃO DETETIVE;1
061;LIA DE BIDA;1
061;VAGNER DA DENGUE;1
061;CID RODRIGUES;1
061;JARBINHAS;2
061;JUNIOR GARÇOM;1
061;CARLIM;2
062;MARCELO PETRONE;8
062;JOÃO PELA;29
062;CLAUDIO SAMPA;4
062;ADEMIR PEDREIRO;1
062;VERONICA CHAVES;2
062;ANISIA DO SANTO ANTONIO;5
062;DORINHA;6
062;BETINHA DE LÉ;15
062;LUIS VINICIUS DO CANTINHO;31
062;EDSON MIRANDA;2
062;TAZINHA;32
062;THIAGO DURÃES;3
062;CLEYTON GARDENAL;1
062;TIÃO DE OLEGARIO;2
062;KÉSLEY;1
062;MOACIR OLIVEIRA;7
062;HENILTON IMÓVEIS;3
062;ÍCARO CABELEREIRO;2
062;MAERCIO;1
062;JADSON;1
062;JOÃO DETETIVE;1
062;BENE DA BALANÇA;4
062;JOÃO LUIZ DE NEGÃO;2
062;EILTON SANTIAGO;1
062;JARBINHAS;3
062;FABIO SALES;1
062;PATTY;1
062;JUNIOR GARÇOM;1
062;CARLIM;2
063;MARCELO PETRONE;46
063;DORINHA;44
063;BETINHA DE LÉ;2
063;EDSON MIRANDA;2
063;TAZINHA;2
063;PRISCILA MATOS;1
063;THIAGO DURÃES;2
063;TIÃO DE OLEGARIO;2
063;MARIA CLARA;1
063;MOACIR OLIVEIRA;6
063;HENILTON IMÓVEIS;1
063;ZEZINHO DO SALÃO;1
063;PEDINHA DO BAR;11
063;JOÃO DETETIVE;2
063;JO DA PADARIA;1
063;MOREIRA;1
063;JUNIOR GARÇOM;4
064;MARCELO PETRONE;60
064;JOÃO PELA;2
064;DORINHA;40
064;BETINHA DE LÉ;5
064;EDSON MIRANDA;2
064;TAZINHA;4
064;PRISCILA MATOS;1
064;NADIA FRANCO;1
064;CLEYTON GARDENAL;1
064;JUNIO BARBOSA;2
064;TIÃO DE OLEGARIO;2
064;MARIA CLARA;3
064;MOACIR OLIVEIRA;12
064;HENILTON IMÓVEIS;1
064;ZEZINHO DO SALÃO;3
064;SERGINHO DA AUTO ELETRICA;1
064;PEDINHA DO BAR;10
064;JOÃO DETETIVE;2
064;CID RODRIGUES;2
064;MAURICIO COSTA;3
064;JOÃO LUIZ DE NEGÃO;1
064;JUNIOR GARÇOM;1
064;CARLIM;3
064;SELMA MORENA;1
075;MARCELO PETRONE;7
075;LORIM DA PADARIA;3
075;JOÃO PELA;4
075;MARINA SANTANA;1
075;DORINHA;10
075;BETINHA DE LÉ;3
075;GISELE;3
075;DIM DEFICIENTE VISUAL;1
075;EDSON MIRANDA;19
075;PRISCILA MATOS;2
075;THIAGO DURÃES;10
075;CLEYTON GARDENAL;1
075;JUNIO BARBOSA;2
075;TIÃO DE OLEGARIO;18
075;KÉSLEY;2
075;MOACIR OLIVEIRA;1
075;HENILTON IMÓVEIS;1
075;SERGINHO DA AUTO ELETRICA;2
075;JADSON;3
075;MOREIRA;3
075;CID RODRIGUES;5
075;ZE MILTON;1
075;JOÃO LUIZ DE NEGÃO;1
075;EILTON SANTIAGO;1
075;JUNIOR GARÇOM;1
076;MARCELO PETRONE;8
076;JOÃO PELA;5
076;CLAUDIO SAMPA;39
076;VERONICA CHAVES;3
076;DORINHA;3
076;BETINHA DE LÉ;10
076;LUIS VINICIUS DO CANTINHO;1
076;EDSON MIRANDA;1
076;TAZINHA;63
076;THIAGO DURÃES;2
076;CLEYTON GARDENAL;1
076;NILO DO TAXI;1
076;TIÃO DE OLEGARIO;5
076;MESSIAS;1
076;MARIA CLARA;1
076;AGNELO MEDINA;1
076;JUAREZ DO TRATOR;3
076;ÍCARO CABELEREIRO;1
076;JADSON;1
076;LIA DE BIDA;1
076;ERIC ERLON;2
076;GENIVALDO BARROS;1
076;ELIANY MAE ATIPICA;1
076;JOÃO LUIZ DE NEGÃO;1
076;EILTON SANTIAGO;2
076;JARBINHAS;1
076;JUNIOR GARÇOM;2
076;CARLIM;2
077;MARCELO PETRONE;6
077;JOÃO PELA;5
077;CLAUDIO SAMPA;1
077;ANISIA DO SANTO ANTONIO;3
077;DORINHA;1
077;BETINHA DE LÉ;6
077;LUIS VINICIUS DO CANTINHO;1
077;TAZINHA;8
077;EVANDRO PINHO;1
077;HENILTON IMÓVEIS;1
077;ÍCARO CABELEREIRO;1
077;PEDINHA DO BAR;2
077;JADSON;1
077;JOÃO LUIZ DE NEGÃO;3
077;JUNIOR GARÇOM;4
086;MARCELO PETRONE;40
086;LORIM DA PADARIA;43
086;JOÃO PELA;3
086;CLAUDIO SAMPA;2
086;VERONICA CHAVES;2
086;DORINHA;2
086;BETINHA DE LÉ;4
086;EDSON MIRANDA;1
086;THIAGO DURÃES;1
086;JUNIO BARBOSA;9
086;PALOMA PIPOQUINHA;1
086;TIÃO DE OLEGARIO;12
086;MESSIAS;1
086;NINHÃO;1
086;MARIA CLARA;9
086;ANDRE CAIRES;1
086;MOACIR OLIVEIRA;1
086;ELLEN JÉSSICA;2
086;HENILTON IMÓVEIS;4
086;RUBINHO ENFERMEIRO;1
086;LETICIA ASSISTENTE SOCIAL;1
086;MAERCIO;1
086;PEDINHA DO BAR;2
086;JADSON;1
086;MOREIRA;3
086;ERIC ERLON;1
086;GENIVALDO BARROS;2
086;JOÃO LUIZ DE NEGÃO;3
086;EILTON SANTIAGO;1
086;JARBINHAS;1
086;FABIO SALES;1
086;JUNIOR GARÇOM;2
086;CARLIM;1
088;MARCELO PETRONE;17
088;JOÃO PELA;70
088;CLAUDIO SAMPA;8
088;ADEMIR PEDREIRO;2
088;VERONICA CHAVES;11
088;ANISIA DO SANTO ANTONIO;2
088;VALDECIR BADEGA;1
088;BETINHA DE LÉ;17
088;ORALDO MARTINS;1
088;EDSON MIRANDA;3
088;TAZINHA;50
088;SOLY;1
088;THIAGO DURÃES;5
088;CLEYTON GARDENAL;3
088;MARIA CLARA;3
088;MOACIR OLIVEIRA;7
088;GATINHO SARMENTO;1
088;JUAREZ DO TRATOR;13
088;HENILTON IMÓVEIS;1
088;ZEZINHO DO SALÃO;9
088;LUCAS BAIXINHO;1
088;CIDA;2
088;PEDINHA DO BAR;1
088;JADSON;1
088;JOÃO DETETIVE;6
088;JO DA PADARIA;1
088;BENE DA BALANÇA;1
088;GLAUBER DA SAÚDE;1
088;ERIC ERLON;2
088;JOÃO LUIZ DE NEGÃO;2
088;EILTON SANTIAGO;3
088;JUNIOR GARÇOM;2
089;MARCELO PETRONE;5
089;JOÃO PELA;9
089;DORINHA;2
089;BETINHA DE LÉ;1
089;EDSON MIRANDA;101
089;NADIA FRANCO;1
089;THIAGO DURÃES;4
089;PALOMA PIPOQUINHA;1
089;NILO DO TAXI;1
089;TIÃO DE OLEGARIO;21
089;HENILTON IMÓVEIS;2
089;JADSON;1
089;PEU;1
089;EILTON SANTIAGO;1
089;CARLIM;2
090;MARCELO PETRONE;1
090;JOÃO PELA;10
090;BETINHA DE LÉ;3
090;EDSON MIRANDA;120
090;THIAGO DURÃES;4
090;TIÃO DE OLEGARIO;26
090;MARIA CLARA;1
090;HENILTON IMÓVEIS;3
090;LUCAS BAIXINHO;1
090;JADSON;1
090;LIA DE BIDA;1
090;MOREIRA;2
090;JOÃO LUIZ DE NEGÃO;1
090;CARLIM;1
090;HAYANNE ERIKA;1
091;MARCELO PETRONE;4
091;JOÃO PELA;11
091;DORINHA;1
091;BETINHA DE LÉ;2
091;EDSON MIRANDA;131
091;ZOIM;1
091;THIAGO DURÃES;7
091;TIÃO DE OLEGARIO;25
091;MARIA CLARA;1
091;HENILTON IMÓVEIS;4
091;BENE DA BALANÇA;1
091;EILTON SANTIAGO;1
091;CARLIM;2
092;LORIM DA PADARIA;1
092;CLAUDIO SAMPA;1
092;LICO DA MATRONA;8
092;TAZINHA;1
092;THIAGO DURÃES;92
092;JUNIO BARBOSA;1
092;GERALDINHO;2
092;TIÃO DE OLEGARIO;10
092;MARIA CLARA;2
092;ANDRE CAIRES;8
092;MOACIR OLIVEIRA;1
092;ZEZINHO DO SALÃO;1
092;JADSON;9
092;DAYANNE CARDOSO;1
092;ERIC ERLON;1
092;GENIVALDO BARROS;1
092;JOÃO LUIZ DE NEGÃO;1
092;EILTON SANTIAGO;101
092;ALAN MIRANDA;1
092;PATTY;1
092;CARLIM;4
093;LICO DA MATRONA;2
093;BETINHA DE LÉ;1
093;TAZINHA;1
093;THIAGO DURÃES;131
093;JUNIO BARBOSA;1
093;GERALDINHO;18
093;TIÃO DE OLEGARIO;8
093;KÉSLEY;1
093;ANDRE CAIRES;6
093;MOACIR OLIVEIRA;1
093;ZEZINHO DO SALÃO;4
093;JADSON;3
093;BENE DA BALANÇA;1
093;LEILIANE PROFESSORA;1
093;VAGNER DA DENGUE;1
093;DAYANNE CARDOSO;1
093;GENIVALDO BARROS;1
093;JOÃO LUIZ DE NEGÃO;2
093;EILTON SANTIAGO;101
093;CARLIM;4
094;LICO DA MATRONA;5
094;EDSON MIRANDA;1
094;TAZINHA;1
094;THIAGO DURÃES;124
094;JUNIO BARBOSA;1
094;GERALDINHO;4
094;TIÃO DE OLEGARIO;4
094;MARIA CLARA;1
094;ANDRE CAIRES;7
094;MOACIR OLIVEIRA;3
094;ZEZINHO DO SALÃO;2
094;JADSON;5
094;BENE DA BALANÇA;1
094;ERIC ERLON;1
094;EILTON SANTIAGO;94
094;ALAN MIRANDA;1
094;CARLIM;5
095;MARCELO PETRONE;3
095;LICO DA MATRONA;5
095;EDSON MIRANDA;1
095;THIAGO DURÃES;102
095;CLEYTON GARDENAL;1
095;JUNIO BARBOSA;1
095;GERALDINHO;4
095;TIÃO DE OLEGARIO;6
095;MESSIAS;1
095;KÉSLEY;2
095;ANDRE CAIRES;13
095;MOACIR OLIVEIRA;2
095;JADSON;1
095;BENE DA BALANÇA;1
095;EILTON SANTIAGO;92
095;JUNIOR GARÇOM;1
095;CARLIM;6
096;MARCELO PETRONE;3
096;DORINHA;4
096;BETINHA DE LÉ;12
096;RAFA XCAR;1
096;EDSON MIRANDA;15
096;EVANDRO PINHO;6
096;NADIA FRANCO;1
096;TIÃO DE OLEGARIO;58
096;MARIA CLARA;37
096;MOACIR OLIVEIRA;7
096;PEDINHA DO BAR;1
096;JADSON;13
096;BENE DA BALANÇA;1
096;LIA DE BIDA;1
096;JOÃO LUIZ DE NEGÃO;2
096;EILTON SANTIAGO;16
096;FABIO SALES;14
096;JUNIOR GARÇOM;2
096;SELMA MORENA;1
102;MARCELO PETRONE;35
102;LORIM DA PADARIA;8
102;JOÃO PELA;7
102;MARINA SANTANA;1
102;VICTOR MOTORISTA BODÃO;1
102;CLAUDIO SAMPA;3
102;DORINHA;3
102;BETINHA DE LÉ;9
102;EDSON MIRANDA;7
102;ZOIM;1
102;TAZINHA;2
102;PRISCILA MATOS;2
102;EVANDRO PINHO;2
102;GIL PAGÓLE;1
102;NADIA FRANCO;2
102;THIAGO DURÃES;10
102;JUNIO BARBOSA;6
102;GERALDINHO;1
102;NILO DO TAXI;6
102;TIÃO DE OLEGARIO;5
102;MESSIAS;1
102;NINHÃO;1
102;KÉSLEY;6
102;MARIA CLARA;2
102;JOÃO ERIK PROTETOR;1
102;MOACIR OLIVEIRA;2
102;GATINHO SARMENTO;2
102;JUAREZ DO TRATOR;1
102;HENILTON IMÓVEIS;3
102;ÍCARO CABELEREIRO;3
102;GERALDO DO PINCH;1
102;ZEZINHO DO SALÃO;7
102;SERGINHO DA AUTO ELETRICA;3
102;LETICIA ASSISTENTE SOCIAL;3
102;MAERCIO;1
102;JADSON;19
102;JOÃO DETETIVE;10
102;BENE DA BALANÇA;1
102;VILSINHO;1
102;VAGNER DA DENGUE;1
102;MOREIRA;13
102;PEU;5
102;CID RODRIGUES;1
102;SAMUEL RODRIGUES;1
102;DAYANNE CARDOSO;5
102;ZE MILTON;1
102;ERIC ERLON;7
102;MAURICIO COSTA;3
102;GENIVALDO BARROS;2
102;DILSON CORINGA DO BOI DE JANEI;3
102;ELIANY MAE ATIPICA;1
102;FABIO SOUZA;1
102;CAROL RODRIGUES;1
102;JOÃO LUIZ DE NEGÃO;16
102;EILTON SANTIAGO;3
102;JARBINHAS;3
102;GERSON TEIXEIRA;1
102;JUNIOR GARÇOM;4
102;CARLIM;7
104;MARCELO PETRONE;32
104;LORIM DA PADARIA;4
104;JOÃO PELA;6
104;VICTOR MOTORISTA BODÃO;1
104;CLAUDIO SAMPA;2
104;ADEMIR PEDREIRO;1
104;VERONICA CHAVES;2
104;DORINHA;3
104;BETINHA DE LÉ;8
104;ORALDO MARTINS;1
104;WESLEY GARÇOM;1
104;PEDRO (PH);1
104;YASMIM SOARES;1
104;DIM DEFICIENTE VISUAL;1
104;EDSON MIRANDA;6
104;TAZINHA;3
104;PRISCILA MATOS;4
104;GIL PAGÓLE;1
104;NADIA FRANCO;2
104;THIAGO DURÃES;10
104;CLEYTON GARDENAL;1
104;JUNIO BARBOSA;2
104;NILO DO TAXI;3
104;TIÃO DE OLEGARIO;8
104;MESSIAS;3
104;NINHÃO;1
104;KÉSLEY;4
104;MARIA CLARA;7
104;AGNELO MEDINA;1
104;JOÃO ERIK PROTETOR;1
104;MOACIR OLIVEIRA;4
104;MÁRCIO EVENTOS;1
104;GATINHO SARMENTO;1
104;JUAREZ DO TRATOR;3
104;HENILTON IMÓVEIS;3
104;ÍCARO CABELEREIRO;3
104;ZEZINHO DO SALÃO;7
104;RUBINHO ENFERMEIRO;1
104;SERGINHO DA AUTO ELETRICA;2
104;LETICIA ASSISTENTE SOCIAL;4
104;MAERCIO;2
104;CIDA;1
104;PEDINHA DO BAR;1
104;JADSON;14
104;JOÃO DETETIVE;6
104;BENE DA BALANÇA;1
104;LIA DE BIDA;1
104;CLAUDINHA;1
104;MOREIRA;18
104;PEU;1
104;CID RODRIGUES;3
104;DAYANNE CARDOSO;2
104;ZE MILTON;3
104;ERIC ERLON;4
104;MAURICIO COSTA;1
104;GENIVALDO BARROS;1
104;DILSON CORINGA DO BOI DE JANEI;2
104;ELIANY MAE ATIPICA;2
104;FABIO SOUZA;1
104;JOÃO LUIZ DE NEGÃO;26
104;EILTON SANTIAGO;4
104;JARBINHAS;3
104;ALAN MIRANDA;2
104;FABIO SALES;1
104;JUNIOR GARÇOM;4
104;CARLIM;6
108;MARCELO PETRONE;25
108;LORIM DA PADARIA;2
108;JOÃO PELA;6
108;VICTOR MOTORISTA BODÃO;1
108;CLAUDIO SAMPA;1
108;ADEMIR PEDREIRO;1
108;VERONICA CHAVES;2
108;VALDECIR BADEGA;1
108;DORINHA;9
108;BETINHA DE LÉ;6
108;PEDRO (PH);1
108;RAFA XCAR;1
108;YASMIM SOARES;1
108;DIM DEFICIENTE VISUAL;1
108;EDSON MIRANDA;2
108;ZOIM;1
108;TAZINHA;8
108;PRISCILA MATOS;2
108;EVANDRO PINHO;6
108;SOLY;1
108;THIAGO DURÃES;10
108;JUNIO BARBOSA;6
108;NILO DO TAXI;3
108;TIÃO DE OLEGARIO;11
108;MESSIAS;2
108;NINHÃO;6
108;KÉSLEY;2
108;MARIA CLARA;6
108;ELIETE SILVEIRA;1
108;GATINHO SARMENTO;2
108;HENILTON IMÓVEIS;10
108;GERALDO DO PINCH;1
108;ZEZINHO DO SALÃO;13
108;LUCAS BAIXINHO;1
108;SERGINHO DA AUTO ELETRICA;1
108;LETICIA ASSISTENTE SOCIAL;8
108;MAERCIO;3
108;CIDA;1
108;JADSON;19
108;JOÃO DETETIVE;7
108;DALVA;1
108;BENE DA BALANÇA;5
108;VILSINHO;1
108;VAGNER DA DENGUE;3
108;MOREIRA;7
108;PEU;3
108;CID RODRIGUES;2
108;ELIZENE;1
108;DAYANNE CARDOSO;2
108;ZE MILTON;5
108;ERIC ERLON;7
108;DILSON CORINGA DO BOI DE JANEI;2
108;ELIANY MAE ATIPICA;1
108;CAROL RODRIGUES;1
108;JOÃO LUIZ DE NEGÃO;16
108;EILTON SANTIAGO;6
108;JARBINHAS;3
108;ALAN MIRANDA;1
108;FABIO SALES;2
108;JUNIOR GARÇOM;12
108;CARLIM;13
108;SELMA MORENA;1
109;MARCELO PETRONE;27
109;LORIM DA PADARIA;7
109;JOÃO PELA;2
109;VICTOR MOTORISTA BODÃO;1
109;CLAUDIO SAMPA;2
109;VERONICA CHAVES;1
109;VALDECIR BADEGA;3
109;DORINHA;2
109;BETINHA DE LÉ;1
109;RAFA XCAR;1
109;YASMIM SOARES;1
109;DIM DEFICIENTE VISUAL;1
109;EDSON MIRANDA;5
109;ZOIM;1
109;TAZINHA;1
109;PRISCILA MATOS;3
109;EVANDRO PINHO;1
109;SOLY;1
109;GIL PAGÓLE;3
109;NADIA FRANCO;2
109;THIAGO DURÃES;3
109;CLEYTON GARDENAL;1
109;JUNIO BARBOSA;27
109;NILO DO TAXI;1
109;TIÃO DE OLEGARIO;4
109;MESSIAS;1
109;NINHÃO;3
109;KÉSLEY;1
109;MARIA CLARA;9
109;JOÃO ERIK PROTETOR;1
109;MOACIR OLIVEIRA;5
109;MÁRCIO EVENTOS;2
109;GATINHO SARMENTO;1
109;JUAREZ DO TRATOR;1
109;HENILTON IMÓVEIS;6
109;ÍCARO CABELEREIRO;7
109;ZEZINHO DO SALÃO;23
109;LUCAS BAIXINHO;2
109;RUBINHO ENFERMEIRO;1
109;SERGINHO DA AUTO ELETRICA;1
109;LETICIA ASSISTENTE SOCIAL;1
109;MAERCIO;1
109;PEDINHA DO BAR;2
109;JADSON;15
109;JOÃO DETETIVE;16
109;BENE DA BALANÇA;4
109;LEILIANE PROFESSORA;2
109;LIA DE BIDA;1
109;VILSINHO;4
109;MOREIRA;9
109;PEU;1
109;GLAUBER DA SAÚDE;1
109;ZE MILTON;2
109;ERIC ERLON;5
109;MAURICIO COSTA;1
109;FABIO SOUZA;1
109;CAROL RODRIGUES;1
109;JOÃO LUIZ DE NEGÃO;24
109;EILTON SANTIAGO;4
109;JARBINHAS;2
109;GERSON TEIXEIRA;1
109;ALAN MIRANDA;1
109;FABIO SALES;1
109;PATTY;1
109;JUNIOR GARÇOM;6
109;CARLIM;7
110;MARCELO PETRONE;40
110;LORIM DA PADARIA;7
110;JOÃO PELA;12
110;MARINA SANTANA;1
110;VICTOR MOTORISTA BODÃO;1
110;VERONICA CHAVES;1
110;VALDECIR BADEGA;1
110;DORINHA;3
110;HIANCA FERREIRA;1
110;BETINHA DE LÉ;5
110;WESLEY GARÇOM;1
110;EDSON MIRANDA;3
110;ZOIM;1
110;TAZINHA;1
110;PRISCILA MATOS;1
110;EVANDRO PINHO;6
110;GIL PAGÓLE;2
110;THIAGO DURÃES;1
110;JUNIO BARBOSA;11
110;PALOMA PIPOQUINHA;1
110;NILO DO TAXI;1
110;TIÃO DE OLEGARIO;5
110;MESSIAS;1
110;NINHÃO;1
110;KÉSLEY;5
110;MARIA CLARA;11
110;JOÃO ERIK PROTETOR;2
110;MOACIR OLIVEIRA;3
110;ELIETE SILVEIRA;1
110;GATINHO SARMENTO;3
110;JUAREZ DO TRATOR;2
110;HENILTON IMÓVEIS;2
110;ÍCARO CABELEREIRO;1
110;ZEZINHO DO SALÃO;4
110;SERGINHO DA AUTO ELETRICA;5
110;LETICIA ASSISTENTE SOCIAL;4
110;MAERCIO;2
110;PEDINHA DO BAR;1
110;JADSON;23
110;JOÃO DETETIVE;3
110;BENE DA BALANÇA;3
110;LIA DE BIDA;1
110;VILSINHO;2
110;MOREIRA;14
110;PEU;5
110;CID RODRIGUES;4
110;DAYANNE CARDOSO;1
110;ZE MILTON;1
110;ERIC ERLON;7
110;MAURICIO COSTA;1
110;GENIVALDO BARROS;1
110;DILSON CORINGA DO BOI DE JANEI;1
110;FABIO SOUZA;1
110;JOÃO LUIZ DE NEGÃO;18
110;EILTON SANTIAGO;6
110;JARBINHAS;1
110;ALAN MIRANDA;1
110;PATTY;1
110;JUNIOR GARÇOM;4
110;CARLIM;12
111;MARCELO PETRONE;23
111;LORIM DA PADARIA;1
111;JOÃO PELA;12
111;MARINA SANTANA;1
111;VICTOR MOTORISTA BODÃO;3
111;CLAUDIO SAMPA;1
111;ADEMIR PEDREIRO;1
111;ANISIA DO SANTO ANTONIO;1
111;DORINHA;1
111;BETINHA DE LÉ;11
111;LUIS VINICIUS DO CANTINHO;2
111;RAFA XCAR;1
111;EDSON MIRANDA;7
111;ZOIM;3
111;TAZINHA;6
111;EVANDRO PINHO;1
111;GIL PAGÓLE;1
111;NADIA FRANCO;1
111;THIAGO DURÃES;10
111;JUNIO BARBOSA;1
111;TIÃO DE OLEGARIO;13
111;MESSIAS;2
111;KÉSLEY;1
111;MARIA CLARA;8
111;JOÃO ERIK PROTETOR;1
111;MOACIR OLIVEIRA;6
111;TINA SOARES;1
111;ELLEN JÉSSICA;1
111;GATINHO SARMENTO;2
111;JUAREZ DO TRATOR;1
111;HENILTON IMÓVEIS;11
111;ZEZINHO DO SALÃO;9
111;SERGINHO DA AUTO ELETRICA;6
111;LETICIA ASSISTENTE SOCIAL;1
111;MAERCIO;4
111;PEDINHA DO BAR;2
111;JADSON;15
111;JOÃO DETETIVE;5
111;JO DA PADARIA;2
111;BENE DA BALANÇA;3
111;LEILIANE PROFESSORA;2
111;LIA DE BIDA;6
111;VILSINHO;1
111;VAGNER DA DENGUE;3
111;MOREIRA;8
111;PEU;1
111;GLAUBER DA SAÚDE;2
111;CID RODRIGUES;1
111;SAMUEL RODRIGUES;1
111;DAYANNE CARDOSO;1
111;ZE MILTON;1
111;ERIC ERLON;4
111;MAURICIO COSTA;1
111;GENIVALDO BARROS;1
111;ELIANY MAE ATIPICA;2
111;FABIO SOUZA;1
111;CAROL RODRIGUES;3
111;JOÃO LUIZ DE NEGÃO;14
111;EILTON SANTIAGO;14
111;JARBINHAS;2
111;GERSON TEIXEIRA;1
111;ALAN MIRANDA;2
111;FABIO SALES;1
111;JUNIOR GARÇOM;7
111;CARLIM;7
111;HAYANNE ERIKA;1
111;SELMA MORENA;1
113;MARCELO PETRONE;27
113;LORIM DA PADARIA;1
113;JOÃO PELA;4
113;VERONICA CHAVES;1
113;VALDECIR BADEGA;2
113;DORINHA;7
113;BETINHA DE LÉ;2
113;DIM DEFICIENTE VISUAL;1
113;EDSON MIRANDA;1
113;ZOIM;1
113;TAZINHA;2
113;PRISCILA MATOS;3
113;EVANDRO PINHO;3
113;NADIA FRANCO;1
113;THIAGO DURÃES;6
113;JUNIO BARBOSA;8
113;PALOMA PIPOQUINHA;1
113;NILO DO TAXI;2
113;TIÃO DE OLEGARIO;3
113;MESSIAS;4
113;NINHÃO;29
113;MARIA CLARA;5
113;MOACIR OLIVEIRA;3
113;ELIETE SILVEIRA;1
113;GATINHO SARMENTO;1
113;ÍCARO CABELEREIRO;1
113;ZEZINHO DO SALÃO;4
113;RUBINHO ENFERMEIRO;2
113;LETICIA ASSISTENTE SOCIAL;2
113;PEDINHA DO BAR;1
113;JADSON;42
113;JOÃO DETETIVE;9
113;BENE DA BALANÇA;2
113;LIA DE BIDA;1
113;MOREIRA;5
113;PEU;1
113;CID RODRIGUES;1
113;SAMUEL RODRIGUES;1
113;DAYANNE CARDOSO;1
113;ERIC ERLON;3
113;MAURICIO COSTA;1
113;DILSON CORINGA DO BOI DE JANEI;6
113;DAOZINHO DO BAR;1
113;JOÃO LUIZ DE NEGÃO;14
113;EILTON SANTIAGO;3
113;JARBINHAS;5
113;GERSON TEIXEIRA;1
113;FABIO SALES;2
113;JUNIOR GARÇOM;4
113;CARLIM;5
114;LORIM DA PADARIA;2
114;LICO DA MATRONA;2
114;PRISCILA MATOS;1
114;THIAGO DURÃES;117
114;GERALDINHO;4
114;TIÃO DE OLEGARIO;13
114;ANDRE CAIRES;10
114;MOACIR OLIVEIRA;2
114;JADSON;7
114;JOÃO DETETIVE;1
114;CID RODRIGUES;2
114;GENIVALDO BARROS;1
114;EILTON SANTIAGO;115
114;CARLIM;2
115;MARCELO PETRONE;19
115;JOÃO PELA;4
115;MARINA SANTANA;1
115;VICTOR MOTORISTA BODÃO;3
115;VERONICA CHAVES;3
115;VALDECIR BADEGA;3
115;DORINHA;3
115;BETINHA DE LÉ;5
115;YASMIM SOARES;3
115;EDSON MIRANDA;4
115;ZOIM;1
115;TAZINHA;3
115;PRISCILA MATOS;2
115;SOLY;1
115;GIL PAGÓLE;2
115;NADIA FRANCO;2
115;THIAGO DURÃES;7
115;CLEYTON GARDENAL;1
115;JUNIO BARBOSA;19
115;NILO DO TAXI;2
115;TIÃO DE OLEGARIO;4
115;MESSIAS;1
115;NINHÃO;4
115;KÉSLEY;2
115;MARIA CLARA;6
115;JOÃO ERIK PROTETOR;1
115;MOACIR OLIVEIRA;3
115;MÁRCIO EVENTOS;2
115;GATINHO SARMENTO;1
115;HENILTON IMÓVEIS;3
115;ÍCARO CABELEREIRO;3
115;ZEZINHO DO SALÃO;16
115;SERGINHO DA AUTO ELETRICA;2
115;MAERCIO;2
115;CIDA;1
115;JADSON;8
115;JOÃO DETETIVE;15
115;BENE DA BALANÇA;3
115;LIA DE BIDA;1
115;CLAUDINHA;2
115;MOREIRA;18
115;PEU;1
115;CID RODRIGUES;2
115;SAMUEL RODRIGUES;1
115;DAYANNE CARDOSO;1
115;ZE MILTON;5
115;ERIC ERLON;4
115;ESTÉ DO BRIGADEIRO;1
115;ELIANY MAE ATIPICA;1
115;FABIO SOUZA;1
115;JOÃO LUIZ DE NEGÃO;26
115;EILTON SANTIAGO;14
115;JARBINHAS;2
115;FABIO SALES;1
115;JUNIOR GARÇOM;7
115;CARLIM;6
115;HAYANNE ERIKA;1
115;SELMA MORENA;1
116;MARCELO PETRONE;25
116;LORIM DA PADARIA;2
116;JOÃO PELA;3
116;MARINA SANTANA;1
116;ADEMIR PEDREIRO;2
116;VERONICA CHAVES;4
116;ANISIA DO SANTO ANTONIO;1
116;VALDECIR BADEGA;1
116;DORINHA;2
116;BETINHA DE LÉ;1
116;DIM DEFICIENTE VISUAL;3
116;EDSON MIRANDA;2
116;TAZINHA;3
116;EVANDRO PINHO;3
116;GIL PAGÓLE;2
116;THIAGO DURÃES;5
116;JUNIO BARBOSA;10
116;PALOMA PIPOQUINHA;1
116;NILO DO TAXI;3
116;TIÃO DE OLEGARIO;5
116;MESSIAS;1
116;NINHÃO;22
116;MARIA CLARA;12
116;MOACIR OLIVEIRA;1
116;ELIETE SILVEIRA;1
116;HENILTON IMÓVEIS;3
116;ÍCARO CABELEREIRO;1
116;ZEZINHO DO SALÃO;3
116;RUBINHO ENFERMEIRO;3
116;SERGINHO DA AUTO ELETRICA;2
116;LETICIA ASSISTENTE SOCIAL;2
116;MAERCIO;2
116;PEDINHA DO BAR;2
116;JADSON;40
116;JOÃO DETETIVE;8
116;DALVA;1
116;BENE DA BALANÇA;3
116;CLAUDINHA;1
116;VILSINHO;1
116;VAGNER DA DENGUE;1
116;MOREIRA;7
116;GLAUBER DA SAÚDE;2
116;DAYANNE CARDOSO;1
116;ZE MILTON;1
116;ERIC ERLON;3
116;GENIVALDO BARROS;1
116;DILSON CORINGA DO BOI DE JANEI;2
116;FABIO SOUZA;1
116;CAROL RODRIGUES;2
116;JOÃO LUIZ DE NEGÃO;16
116;EILTON SANTIAGO;5
116;JARBINHAS;1
116;FABIO SALES;1
116;JUNIOR GARÇOM;5
116;CARLIM;1
116;SELMA MORENA;1
117;MARCELO PETRONE;26
117;LORIM DA PADARIA;2
117;JOÃO PELA;5
117;MARINA SANTANA;3
117;VICTOR MOTORISTA BODÃO;1
117;CLAUDIO SAMPA;3
117;ADEMIR PEDREIRO;1
117;VERONICA CHAVES;1
117;VALDECIR BADEGA;1
117;DORINHA;5
117;HIANCA FERREIRA;1
117;BETINHA DE LÉ;6
117;GISELE;1
117;ORALDO MARTINS;2
117;EDSON MIRANDA;3
117;ZOIM;8
117;TAZINHA;5
117;PRISCILA MATOS;7
117;SOLY;1
117;GIL PAGÓLE;1
117;THIAGO DURÃES;11
117;CLEYTON GARDENAL;1
117;JUNIO BARBOSA;1
117;PALOMA PIPOQUINHA;1
117;NILO DO TAXI;4
117;TIÃO DE OLEGARIO;9
117;KÉSLEY;4
117;MARIA CLARA;8
117;JOÃO ERIK PROTETOR;3
117;NILCE ARTESÃ;1
117;MOACIR OLIVEIRA;5
117;ELLEN JÉSSICA;1
117;JUAREZ DO TRATOR;2
117;HENILTON IMÓVEIS;3
117;ZEZINHO DO SALÃO;15
117;LUCAS BAIXINHO;1
117;SERGINHO DA AUTO ELETRICA;7
117;LETICIA ASSISTENTE SOCIAL;1
117;MAERCIO;2
117;JADSON;16
117;JOÃO DETETIVE;5
117;JO DA PADARIA;1
117;BENE DA BALANÇA;4
117;LIA DE BIDA;4
117;VILSINHO;1
117;MOREIRA;6
117;PEU;6
117;GLAUBER DA SAÚDE;2
117;DAYANNE CARDOSO;1
117;ZE MILTON;1
117;ERIC ERLON;3
117;MAURICIO COSTA;1
117;FABIO SOUZA;2
117;JOÃO LUIZ DE NEGÃO;17
117;EILTON SANTIAGO;10
117;GERSON TEIXEIRA;1
117;FABIO SALES;1
117;JUNIOR GARÇOM;8
117;CARLIM;7
118;MARCELO PETRONE;22
118;LORIM DA PADARIA;3
118;JOÃO PELA;14
118;MARINA SANTANA;1
118;VICTOR MOTORISTA BODÃO;1
118;CLAUDIO SAMPA;2
118;VERONICA CHAVES;6
118;ANISIA DO SANTO ANTONIO;3
118;DORINHA;4
118;HIANCA FERREIRA;2
118;BETINHA DE LÉ;11
118;LUIS VINICIUS DO CANTINHO;1
118;ORALDO MARTINS;1
118;WESLEY GARÇOM;2
118;DIM DEFICIENTE VISUAL;1
118;MARLY;2
118;EDSON MIRANDA;9
118;TAZINHA;8
118;PRISCILA MATOS;2
118;EVANDRO PINHO;2
118;THIAGO DURÃES;9
118;CLEYTON GARDENAL;1
118;JUNIO BARBOSA;4
118;NILO DO TAXI;4
118;TIÃO DE OLEGARIO;13
118;MESSIAS;1
118;LEIDE DA SAÚDE;1
118;NINHÃO;1
118;MARIA CLARA;9
118;AGNELO MEDINA;1
118;JOÃO ERIK PROTETOR;1
118;NILCE ARTESÃ;3
118;MOACIR OLIVEIRA;6
118;ELIETE SILVEIRA;1
118;GATINHO SARMENTO;3
118;JUAREZ DO TRATOR;1
118;HENILTON IMÓVEIS;3
118;ÍCARO CABELEREIRO;1
118;GERALDO DO PINCH;1
118;ZEZINHO DO SALÃO;5
118;LUCAS BAIXINHO;2
118;RUBINHO ENFERMEIRO;3
118;SERGINHO DA AUTO ELETRICA;6
118;LETICIA ASSISTENTE SOCIAL;2
118;MAERCIO;5
118;CIDA;1
118;PEDINHA DO BAR;1
118;JADSON;13
118;JOÃO DETETIVE;4
118;JO DA PADARIA;1
118;BENE DA BALANÇA;8
118;LEILIANE PROFESSORA;1
118;VILSINHO;2
118;MOREIRA;5
118;PEU;2
118;GLAUBER DA SAÚDE;2
118;CID RODRIGUES;1
118;ZE MILTON;1
118;ERIC ERLON;2
118;GENIVALDO BARROS;3
118;DILSON CORINGA DO BOI DE JANEI;1
118;DAOZINHO DO BAR;1
118;CAROL RODRIGUES;4
118;JOÃO LUIZ DE NEGÃO;7
118;EILTON SANTIAGO;11
118;JARBINHAS;1
118;FABIO SALES;2
118;PATTY;1
118;JUNIOR GARÇOM;7
118;CARLIM;10
118;SELMA MORENA;1
119;MARCELO PETRONE;26
119;LORIM DA PADARIA;1
119;JOÃO PELA;1
119;MARINA SANTANA;1
119;CLAUDIO SAMPA;1
119;VERONICA CHAVES;1
119;VALDECIR BADEGA;1
119;DORINHA;3
119;BETINHA DE LÉ;5
119;PEDRO (PH);1
119;EDSON MIRANDA;6
119;ZOIM;1
119;TAZINHA;5
119;PRISCILA MATOS;2
119;EVANDRO PINHO;1
119;GIL PAGÓLE;1
119;THIAGO DURÃES;3
119;CLEYTON GARDENAL;2
119;JUNIO BARBOSA;32
119;NILO DO TAXI;5
119;TIÃO DE OLEGARIO;7
119;MESSIAS;3
119;NINHÃO;2
119;KÉSLEY;3
119;MARIA CLARA;10
119;MOACIR OLIVEIRA;7
119;HENILTON IMÓVEIS;3
119;ÍCARO CABELEREIRO;3
119;ZEZINHO DO SALÃO;17
119;RUBINHO ENFERMEIRO;1
119;SERGINHO DA AUTO ELETRICA;1
119;LETICIA ASSISTENTE SOCIAL;1
119;CIDA;1
119;PEDINHA DO BAR;2
119;JADSON;9
119;JOÃO DETETIVE;15
119;BENE DA BALANÇA;2
119;LIA DE BIDA;1
119;CLAUDINHA;1
119;VILSINHO;1
119;MOREIRA;16
119;GLAUBER DA SAÚDE;1
119;CID RODRIGUES;2
119;SAMUEL RODRIGUES;1
119;DAYANNE CARDOSO;2
119;ERIC ERLON;4
119;MAURICIO COSTA;1
119;GENIVALDO BARROS;2
119;FABIO SOUZA;2
119;CAROL RODRIGUES;1
119;JOÃO LUIZ DE NEGÃO;20
119;EILTON SANTIAGO;8
119;FABIO SALES;2
119;JUNIOR GARÇOM;10
119;CARLIM;9
121;MARCELO PETRONE;27
121;LORIM DA PADARIA;4
121;JOÃO PELA;17
121;MARINA SANTANA;1
121;CLAUDIO SAMPA;1
121;ADEMIR PEDREIRO;1
121;VERONICA CHAVES;4
121;VALDECIR BADEGA;1
121;DORINHA;2
121;HIANCA FERREIRA;2
121;BETINHA DE LÉ;8
121;LUIS VINICIUS DO CANTINHO;1
121;ORALDO MARTINS;2
121;DIM DEFICIENTE VISUAL;1
121;MARLY;1
121;EDSON MIRANDA;2
121;TAZINHA;7
121;PRISCILA MATOS;2
121;EVANDRO PINHO;2
121;GIL PAGÓLE;2
121;NADIA FRANCO;1
121;THIAGO DURÃES;16
121;CLEYTON GARDENAL;3
121;JUNIO BARBOSA;3
121;NILO DO TAXI;5
121;TIÃO DE OLEGARIO;15
121;MESSIAS;1
121;LEIDE DA SAÚDE;2
121;NINHÃO;1
121;KÉSLEY;4
121;MARIA CLARA;8
121;JOÃO ERIK PROTETOR;1
121;MOACIR OLIVEIRA;5
121;ELIETE SILVEIRA;1
121;GATINHO SARMENTO;2
121;JUAREZ DO TRATOR;2
121;HENILTON IMÓVEIS;3
121;ZEZINHO DO SALÃO;6
121;LUCAS BAIXINHO;5
121;SERGINHO DA AUTO ELETRICA;4
121;LETICIA ASSISTENTE SOCIAL;1
121;MAERCIO;3
121;CIDA;2
121;PEDINHA DO BAR;2
121;JADSON;13
121;JOÃO DETETIVE;11
121;JO DA PADARIA;2
121;BENE DA BALANÇA;8
121;LEILIANE PROFESSORA;1
121;LIA DE BIDA;2
121;MOREIRA;10
121;PEU;2
121;GLAUBER DA SAÚDE;1
121;CID RODRIGUES;3
121;SAMUEL RODRIGUES;1
121;DAYANNE CARDOSO;2
121;ZE MILTON;1
121;ERIC ERLON;2
121;MAURICIO COSTA;1
121;ESTÉ DO BRIGADEIRO;1
121;GENIVALDO BARROS;6
121;DAOZINHO DO BAR;1
121;ELIANY MAE ATIPICA;1
121;FABIO SOUZA;1
121;CAROL RODRIGUES;2
121;JOÃO LUIZ DE NEGÃO;16
121;EILTON SANTIAGO;8
121;JARBINHAS;3
121;ALAN MIRANDA;4
121;JUNIOR GARÇOM;7
121;CARLIM;7
122;MARCELO PETRONE;17
122;LORIM DA PADARIA;4
122;JOÃO PELA;8
122;MARINA SANTANA;1
122;CLAUDIO SAMPA;1
122;VERONICA CHAVES;1
122;DORINHA;9
122;BETINHA DE LÉ;7
122;LUIS VINICIUS DO CANTINHO;1
122;ORALDO MARTINS;2
122;EDSON MIRANDA;5
122;ZOIM;9
122;TAZINHA;5
122;PRISCILA MATOS;3
122;EVANDRO PINHO;1
122;GIL PAGÓLE;2
122;THIAGO DURÃES;8
122;CLEYTON GARDENAL;3
122;JUNIO BARBOSA;4
122;PALOMA PIPOQUINHA;1
122;NILO DO TAXI;3
122;TIÃO DE OLEGARIO;10
122;MESSIAS;1
122;NINHÃO;1
122;KÉSLEY;1
122;MARIA CLARA;9
122;AGNELO MEDINA;3
122;JOÃO ERIK PROTETOR;1
122;MOACIR OLIVEIRA;8
122;ELIETE SILVEIRA;1
122;ELLEN JÉSSICA;1
122;GATINHO SARMENTO;3
122;HENILTON IMÓVEIS;8
122;ÍCARO CABELEREIRO;1
122;ZEZINHO DO SALÃO;5
122;LUCAS BAIXINHO;1
122;RUBINHO ENFERMEIRO;1
122;SERGINHO DA AUTO ELETRICA;8
122;MAERCIO;3
122;PEDINHA DO BAR;1
122;JADSON;16
122;JOÃO DETETIVE;3
122;DALVA;1
122;JO DA PADARIA;1
122;BENE DA BALANÇA;5
122;LIA DE BIDA;2
122;MOREIRA;7
122;PEU;1
122;ZE MILTON;1
122;ERIC ERLON;5
122;MAURICIO COSTA;3
122;GENIVALDO BARROS;1
122;DILSON CORINGA DO BOI DE JANEI;1
122;CAROL RODRIGUES;2
122;JOÃO LUIZ DE NEGÃO;15
122;EILTON SANTIAGO;4
122;JARBINHAS;3
122;ALAN MIRANDA;4
122;FABIO SALES;2
122;PATTY;1
122;JUNIOR GARÇOM;8
122;CARLIM;9
123;MARCELO PETRONE;21
123;LORIM DA PADARIA;6
123;JOÃO PELA;5
123;ADEMIR PEDREIRO;1
123;LICO DA MATRONA;1
123;VERONICA CHAVES;2
123;VALDECIR BADEGA;1
123;DORINHA;8
123;BETINHA DE LÉ;3
123;WESLEY GARÇOM;1
123;DIM DEFICIENTE VISUAL;6
123;EDSON MIRANDA;1
123;TAZINHA;2
123;GIL PAGÓLE;1
123;THIAGO DURÃES;9
123;JUNIO BARBOSA;9
123;NILO DO TAXI;1
123;TIÃO DE OLEGARIO;9
123;MESSIAS;2
123;NINHÃO;40
123;KÉSLEY;3
123;MARIA CLARA;3
123;JOÃO ERIK PROTETOR;1
123;MOACIR OLIVEIRA;1
123;TINA SOARES;1
123;HENILTON IMÓVEIS;1
123;ÍCARO CABELEREIRO;3
123;ZEZINHO DO SALÃO;9
123;RUBINHO ENFERMEIRO;4
123;LETICIA ASSISTENTE SOCIAL;2
123;MAERCIO;1
123;PEDINHA DO BAR;1
123;JADSON;35
123;JOÃO DETETIVE;9
123;DALVA;1
123;BENE DA BALANÇA;1
123;CLAUDINHA;1
123;MOREIRA;5
123;GLAUBER DA SAÚDE;3
123;CID RODRIGUES;2
123;ZE MILTON;1
123;ERIC ERLON;1
123;MAURICIO COSTA;1
123;GENIVALDO BARROS;2
123;DILSON CORINGA DO BOI DE JANEI;2
123;FABIO SOUZA;2
123;CAROL RODRIGUES;2
123;JOÃO LUIZ DE NEGÃO;12
123;EILTON SANTIAGO;3
123;JARBINHAS;3
123;ALAN MIRANDA;1
123;FABIO SALES;1
123;JUNIOR GARÇOM;5
123;CARLIM;5
124;MARCELO PETRONE;25
124;LORIM DA PADARIA;5
124;JOÃO PELA;10
124;MARINA SANTANA;2
124;CLAUDIO SAMPA;1
124;VERONICA CHAVES;2
124;ANISIA DO SANTO ANTONIO;2
124;VALDECIR BADEGA;1
124;DORINHA;5
124;HIANCA FERREIRA;1
124;BETINHA DE LÉ;5
124;ORALDO MARTINS;1
124;WESLEY GARÇOM;1
124;EDSON MIRANDA;9
124;ZOIM;1
124;TAZINHA;3
124;PRISCILA MATOS;3
124;THIAGO DURÃES;10
124;CLEYTON GARDENAL;3
124;JUNIO BARBOSA;5
124;NILO DO TAXI;8
124;TIÃO DE OLEGARIO;8
124;MESSIAS;2
124;LEIDE DA SAÚDE;1
124;NINHÃO;1
124;KÉSLEY;6
124;MARIA CLARA;12
124;JOÃO ERIK PROTETOR;1
124;NILCE ARTESÃ;2
124;MOACIR OLIVEIRA;12
124;GATINHO SARMENTO;1
124;JUAREZ DO TRATOR;3
124;HENILTON IMÓVEIS;6
124;ÍCARO CABELEREIRO;2
124;ZEZINHO DO SALÃO;4
124;LUCAS BAIXINHO;2
124;SERGINHO DA AUTO ELETRICA;4
124;LETICIA ASSISTENTE SOCIAL;2
124;MAERCIO;12
124;CIDA;1
124;PEDINHA DO BAR;1
124;JADSON;12
124;JOÃO DETETIVE;3
124;BENE DA BALANÇA;8
124;LEILIANE PROFESSORA;1
124;LIA DE BIDA;2
124;VILSINHO;1
124;VAGNER DA DENGUE;1
124;MOREIRA;7
124;PEU;2
124;CID RODRIGUES;4
124;DAYANNE CARDOSO;3
124;ZE MILTON;1
124;ERIC ERLON;4
124;MAURICIO COSTA;2
124;GENIVALDO BARROS;1
124;ELIANY MAE ATIPICA;1
124;CAROL RODRIGUES;2
124;JOÃO LUIZ DE NEGÃO;16
124;EILTON SANTIAGO;6
124;JARBINHAS;5
124;FABIO SALES;2
124;JUNIOR GARÇOM;8
124;CARLIM;9
125;MARCELO PETRONE;14
125;JOÃO PELA;7
125;MARINA SANTANA;1
125;CLAUDIO SAMPA;35
125;VERONICA CHAVES;2
125;DORINHA;5
125;BETINHA DE LÉ;6
125;TAZINHA;61
125;THIAGO DURÃES;4
125;CLEYTON GARDENAL;1
125;JUNIO BARBOSA;1
125;NILO DO TAXI;3
125;TIÃO DE OLEGARIO;3
125;MESSIAS;2
125;LEIDE DA SAÚDE;1
125;KÉSLEY;3
125;MARIA CLARA;4
125;MOACIR OLIVEIRA;1
125;GATINHO SARMENTO;1
125;ZEZINHO DO SALÃO;2
125;MAERCIO;1
125;JOÃO DETETIVE;1
125;BENE DA BALANÇA;1
125;LIA DE BIDA;2
125;CLAUDINHA;1
125;CID RODRIGUES;2
125;ERIC ERLON;1
125;DILSON CORINGA DO BOI DE JANEI;1
125;JOÃO LUIZ DE NEGÃO;2
125;ALAN MIRANDA;1
125;FABIO SALES;1
125;JUNIOR GARÇOM;3
125;CARLIM;2
131;MARCELO PETRONE;20
131;LORIM DA PADARIA;3
131;JOÃO PELA;5
131;ADEMIR PEDREIRO;1
131;VERONICA CHAVES;1
131;VALDECIR BADEGA;2
131;DORINHA;7
131;BETINHA DE LÉ;5
131;LUIS VINICIUS DO CANTINHO;2
131;ORALDO MARTINS;1
131;DIM DEFICIENTE VISUAL;1
131;EDSON MIRANDA;1
131;TAZINHA;2
131;PRISCILA MATOS;2
131;EVANDRO PINHO;3
131;GIL PAGÓLE;2
131;NADIA FRANCO;3
131;THIAGO DURÃES;2
131;JUNIO BARBOSA;33
131;PALOMA PIPOQUINHA;1
131;NILO DO TAXI;2
131;TIÃO DE OLEGARIO;3
131;NINHÃO;1
131;KÉSLEY;3
131;MARIA CLARA;7
131;AGNELO MEDINA;1
131;MOACIR OLIVEIRA;6
131;HENILTON IMÓVEIS;3
131;ÍCARO CABELEREIRO;3
131;GERALDO DO PINCH;1
131;ZEZINHO DO SALÃO;22
131;LETICIA ASSISTENTE SOCIAL;1
131;MAERCIO;1
131;PEDINHA DO BAR;2
131;JADSON;5
131;JOÃO DETETIVE;14
131;LIA DE BIDA;4
131;CLAUDINHA;2
131;VAGNER DA DENGUE;1
131;MOREIRA;10
131;PEU;1
131;GLAUBER DA SAÚDE;1
131;CID RODRIGUES;3
131;SAMUEL RODRIGUES;2
131;DAYANNE CARDOSO;1
131;ZE MILTON;1
131;ERIC ERLON;6
131;MAURICIO COSTA;2
131;ELIANY MAE ATIPICA;1
131;FABIO SOUZA;1
131;CAROL RODRIGUES;2
131;JOÃO LUIZ DE NEGÃO;25
131;EILTON SANTIAGO;7
131;JARBINHAS;4
131;PATTY;2
131;JUNIOR GARÇOM;9
131;CARLIM;6
131;SELMA MORENA;1
132;MARCELO PETRONE;38
132;LORIM DA PADARIA;1
132;JOÃO PELA;11
132;MARINA SANTANA;2
132;VICTOR MOTORISTA BODÃO;1
132;CLAUDIO SAMPA;1
132;ADEMIR PEDREIRO;1
132;VERONICA CHAVES;1
132;ANISIA DO SANTO ANTONIO;1
132;VALDECIR BADEGA;2
132;DORINHA;7
132;HIANCA FERREIRA;1
132;BETINHA DE LÉ;10
132;WESLEY GARÇOM;1
132;EDSON MIRANDA;4
132;ZOIM;1
132;TAZINHA;8
132;EVANDRO PINHO;2
132;THIAGO DURÃES;10
132;CLEYTON GARDENAL;1
132;JUNIO BARBOSA;1
132;GERALDINHO;1
132;NILO DO TAXI;7
132;TIÃO DE OLEGARIO;15
132;MESSIAS;2
132;LEIDE DA SAÚDE;1
132;NINHÃO;2
132;KÉSLEY;3
132;MARIA CLARA;8
132;JOÃO ERIK PROTETOR;2
132;MOACIR OLIVEIRA;5
132;MORGANA FIGUEIREDO;1
132;GATINHO SARMENTO;1
132;JUAREZ DO TRATOR;3
132;HENILTON IMÓVEIS;3
132;ZEZINHO DO SALÃO;5
132;LUCAS BAIXINHO;3
132;SERGINHO DA AUTO ELETRICA;7
132;LETICIA ASSISTENTE SOCIAL;1
132;MAERCIO;8
132;CIDA;4
132;JADSON;12
132;JOÃO DETETIVE;7
132;JO DA PADARIA;1
132;BENE DA BALANÇA;7
132;LEILIANE PROFESSORA;1
132;LIA DE BIDA;1
132;VILSINHO;1
132;MOREIRA;4
132;DAYANNE CARDOSO;2
132;ERIC ERLON;6
132;MAURICIO COSTA;2
132;GENIVALDO BARROS;6
132;ELIANY MAE ATIPICA;1
132;CAROL RODRIGUES;3
132;JOÃO LUIZ DE NEGÃO;16
132;EILTON SANTIAGO;4
132;JARBINHAS;3
132;GERSON TEIXEIRA;1
132;ALAN MIRANDA;1
132;JUNIOR GARÇOM;3
132;CARLIM;6
132;DEOLINDA DO FORRO;1
132;SELMA MORENA;1
134;MARCELO PETRONE;34
134;LORIM DA PADARIA;4
134;JOÃO PELA;7
134;MARINA SANTANA;1
134;VICTOR MOTORISTA BODÃO;2
134;CLAUDIO SAMPA;2
134;ADEMIR PEDREIRO;1
134;VERONICA CHAVES;2
134;ANISIA DO SANTO ANTONIO;1
134;DORINHA;5
134;HIANCA FERREIRA;1
134;BETINHA DE LÉ;4
134;EDSON MIRANDA;4
134;ZOIM;1
134;TAZINHA;2
134;PRISCILA MATOS;3
134;EVANDRO PINHO;2
134;NADIA FRANCO;1
134;THIAGO DURÃES;10
134;JUNIO BARBOSA;4
134;NILO DO TAXI;3
134;TIÃO DE OLEGARIO;2
134;NINHÃO;4
134;KÉSLEY;5
134;MARIA CLARA;17
134;JOÃO ERIK PROTETOR;2
134;MOACIR OLIVEIRA;4
134;MÁRCIO EVENTOS;1
134;GATINHO SARMENTO;2
134;HENILTON IMÓVEIS;10
134;ÍCARO CABELEREIRO;1
134;ZEZINHO DO SALÃO;5
134;SERGINHO DA AUTO ELETRICA;1
134;LETICIA ASSISTENTE SOCIAL;3
134;CIDA;2
134;JADSON;28
134;JOÃO DETETIVE;8
134;BENE DA BALANÇA;2
134;CLAUDINHA;1
134;VILSINHO;2
134;VAGNER DA DENGUE;1
134;MOREIRA;14
134;CID RODRIGUES;1
134;SAMUEL RODRIGUES;1
134;DAYANNE CARDOSO;2
134;ZE MILTON;1
134;ERIC ERLON;6
134;MAURICIO COSTA;1
134;GENIVALDO BARROS;6
134;DILSON CORINGA DO BOI DE JANEI;2
134;ELIANY MAE ATIPICA;1
134;CAROL RODRIGUES;1
134;JOÃO LUIZ DE NEGÃO;16
134;EILTON SANTIAGO;9
134;JARBINHAS;2
134;ALAN MIRANDA;1
134;FABIO SALES;1
134;JUNIOR GARÇOM;7
134;CARLIM;7
142;MARCELO PETRONE;54
142;LORIM DA PADARIA;2
142;MARINA SANTANA;1
142;DORINHA;8
142;BETINHA DE LÉ;4
142;EDSON MIRANDA;4
142;TAZINHA;2
142;THIAGO DURÃES;9
142;CLEYTON GARDENAL;1
142;JUNIO BARBOSA;12
142;GERALDINHO;3
142;NILO DO TAXI;1
142;TIÃO DE OLEGARIO;8
142;MARIA CLARA;12
142;MOACIR OLIVEIRA;1
142;HENILTON IMÓVEIS;7
142;ÍCARO CABELEREIRO;1
142;ZEZINHO DO SALÃO;2
142;SERGINHO DA AUTO ELETRICA;2
142;LETICIA ASSISTENTE SOCIAL;7
142;MAERCIO;3
142;PEDINHA DO BAR;1
142;JADSON;4
142;JOÃO DETETIVE;5
142;MOREIRA;1
142;GLAUBER DA SAÚDE;2
142;DILSON CORINGA DO BOI DE JANEI;2
142;ELIANY MAE ATIPICA;1
142;FABIO SOUZA;1
142;JOÃO LUIZ DE NEGÃO;1
142;GERSON TEIXEIRA;1
142;JUNIOR GARÇOM;1
143;MARCELO PETRONE;3
143;DORINHA;5
143;ORALDO MARTINS;1
143;EDSON MIRANDA;23
143;THIAGO DURÃES;2
143;PALOMA PIPOQUINHA;1
143;NILO DO TAXI;1
143;TIÃO DE OLEGARIO;5
143;MARIA CLARA;2
143;AGNELO MEDINA;1
143;MOACIR OLIVEIRA;6
143;ZEZINHO DO SALÃO;2
143;JOÃO DETETIVE;1
143;JOÃO LUIZ DE NEGÃO;1
143;ALAN MIRANDA;1
143;JUNIOR GARÇOM;4
144;MARCELO PETRONE;31
144;JOÃO PELA;3
144;ADEMIR PEDREIRO;5
144;DORINHA;70
144;BETINHA DE LÉ;5
144;EDSON MIRANDA;2
144;PRISCILA MATOS;1
144;THIAGO DURÃES;2
144;JUNIO BARBOSA;4
144;GERALDINHO;1
144;TIÃO DE OLEGARIO;2
144;NINHÃO;1
144;MARIA CLARA;1
144;MOACIR OLIVEIRA;49
144;HENILTON IMÓVEIS;1
144;ZEZINHO DO SALÃO;6
144;PEDINHA DO BAR;2
144;JADSON;5
144;BENE DA BALANÇA;2
144;MOREIRA;1
144;ZE MILTON;2
144;ERIC ERLON;1
144;CAROL RODRIGUES;1
144;JOÃO LUIZ DE NEGÃO;2
144;EILTON SANTIAGO;2
144;JARBINHAS;1
144;JUNIOR GARÇOM;10
144;CARLIM;2
145;MARCELO PETRONE;41
145;LORIM DA PADARIA;3
145;PEDRO (PH);1
145;EDSON MIRANDA;1
145;TAZINHA;1
145;EVANDRO PINHO;1
145;NADIA FRANCO;1
145;THIAGO DURÃES;2
145;JUNIO BARBOSA;12
145;NILO DO TAXI;1
145;HENILTON IMÓVEIS;1
145;MAERCIO;1
145;JOÃO DETETIVE;6
145;BENE DA BALANÇA;1
145;JUNIOR GARÇOM;2
146;MARCELO PETRONE;31
146;LORIM DA PADARIA;2
146;JOÃO PELA;13
146;MARINA SANTANA;1
146;VICTOR MOTORISTA BODÃO;3
146;CLAUDIO SAMPA;2
146;ANISIA DO SANTO ANTONIO;1
146;VALDECIR BADEGA;1
146;DORINHA;3
146;BETINHA DE LÉ;12
146;LUIS VINICIUS DO CANTINHO;1
146;DIM DEFICIENTE VISUAL;1
146;MARLY;1
146;EDSON MIRANDA;9
146;ZOIM;6
146;TAZINHA;8
146;PRISCILA MATOS;1
146;SOLY;1
146;GIL PAGÓLE;4
146;THIAGO DURÃES;12
146;CLEYTON GARDENAL;2
146;JUNIO BARBOSA;2
146;NILO DO TAXI;3
146;TIÃO DE OLEGARIO;11
146;NINHÃO;1
146;KÉSLEY;1
146;MARIA CLARA;4
146;AGNELO MEDINA;4
146;MOACIR OLIVEIRA;12
146;MORGANA FIGUEIREDO;1
146;GATINHO SARMENTO;3
146;HENILTON IMÓVEIS;9
146;ZEZINHO DO SALÃO;8
146;SERGINHO DA AUTO ELETRICA;8
146;LETICIA ASSISTENTE SOCIAL;1
146;MAERCIO;1
146;CIDA;1
146;PEDINHA DO BAR;2
146;JADSON;13
146;JOÃO DETETIVE;6
146;BENE DA BALANÇA;8
146;LEILIANE PROFESSORA;1
146;LIA DE BIDA;3
146;VILSINHO;1
146;MOREIRA;6
146;PEU;3
146;CID RODRIGUES;1
146;ELIZENE;1
146;DAYANNE CARDOSO;1
146;ERIC ERLON;6
146;MAURICIO COSTA;2
146;GENIVALDO BARROS;2
146;FABIO SOUZA;1
146;CAROL RODRIGUES;3
146;JOÃO LUIZ DE NEGÃO;13
146;EILTON SANTIAGO;4
146;JARBINHAS;1
146;GERSON TEIXEIRA;1
146;ALAN MIRANDA;4
146;FABIO SALES;1
146;JUNIOR GARÇOM;9
146;CARLIM;5
146;HAYANNE ERIKA;1
158;MARCELO PETRONE;1
158;JOÃO PELA;2
158;CLAUDIO SAMPA;9
158;DORINHA;2
158;LUIS VINICIUS DO CANTINHO;2
158;TAZINHA;7
158;THIAGO DURÃES;2
158;MARIA CLARA;1
158;MOACIR OLIVEIRA;8
158;HENILTON IMÓVEIS;1
158;ÍCARO CABELEREIRO;4
158;JADSON;2
158;ERIC ERLON;2
158;JUNIOR GARÇOM;1
164;BETINHA DE LÉ;2
164;EDSON MIRANDA;83
164;PRISCILA MATOS;1
164;THIAGO DURÃES;13
164;MARIA CLARA;4
164;ZEZINHO DO SALÃO;1
164;JADSON;7
168;MARCELO PETRONE;1
168;LORIM DA PADARIA;21
168;MARINA SANTANA;1
168;ADEMIR PEDREIRO;1
168;BETINHA DE LÉ;2
168;EDSON MIRANDA;1
168;PRISCILA MATOS;1
168;THIAGO DURÃES;3
168;CLEYTON GARDENAL;1
168;JUNIO BARBOSA;1
168;MOACIR OLIVEIRA;1
168;HENILTON IMÓVEIS;2
168;ZEZINHO DO SALÃO;3
168;JOÃO DETETIVE;5
168;VILSINHO;1
168;MOREIRA;1
168;GLAUBER DA SAÚDE;1
168;DAYANNE CARDOSO;1
168;ZE MILTON;1
168;MAURICIO COSTA;3
168;CAROL RODRIGUES;1
168;EILTON SANTIAGO;1
170;MARCELO PETRONE;2
170;JOÃO PELA;8
170;CLAUDIO SAMPA;7
170;DORINHA;1
170;BETINHA DE LÉ;1
170;WESLEY GARÇOM;2
170;TAZINHA;7
170;THIAGO DURÃES;1
170;CLEYTON GARDENAL;3
170;NILO DO TAXI;1
170;MESSIAS;2
170;MARIA CLARA;2
170;MOACIR OLIVEIRA;4
170;JUAREZ DO TRATOR;1
170;MAERCIO;2
170;JOÃO DETETIVE;1
170;MOREIRA;1
170;ERIC ERLON;2
170;GENIVALDO BARROS;1
170;JOÃO LUIZ DE NEGÃO;3
170;EILTON SANTIAGO;2
174;MARCELO PETRONE;25
174;LORIM DA PADARIA;3
174;JOÃO PELA;6
174;VICTOR MOTORISTA BODÃO;1
174;CLAUDIO SAMPA;1
174;VERONICA CHAVES;4
174;VALDECIR BADEGA;1
174;DORINHA;6
174;BETINHA DE LÉ;5
174;LUIS VINICIUS DO CANTINHO;2
174;ORALDO MARTINS;2
174;WESLEY GARÇOM;1
174;RAFA XCAR;1
174;EDSON MIRANDA;4
174;ZOIM;6
174;TAZINHA;6
174;PRISCILA MATOS;2
174;EVANDRO PINHO;1
174;SOLY;1
174;GIL PAGÓLE;1
174;THIAGO DURÃES;20
174;CLEYTON GARDENAL;1
174;JUNIO BARBOSA;1
174;NILO DO TAXI;4
174;TIÃO DE OLEGARIO;3
174;NINHÃO;1
174;KÉSLEY;5
174;MARIA CLARA;10
174;JOÃO ERIK PROTETOR;1
174;MOACIR OLIVEIRA;3
174;GATINHO SARMENTO;1
174;JUAREZ DO TRATOR;2
174;HENILTON IMÓVEIS;10
174;GERALDO DO PINCH;1
174;ZEZINHO DO SALÃO;9
174;LUCAS BAIXINHO;1
174;RUBINHO ENFERMEIRO;1
174;SERGINHO DA AUTO ELETRICA;6
174;LETICIA ASSISTENTE SOCIAL;1
174;MAERCIO;2
174;JADSON;7
174;JOÃO DETETIVE;3
174;JO DA PADARIA;1
174;BENE DA BALANÇA;10
174;LEILIANE PROFESSORA;3
174;LIA DE BIDA;3
174;VILSINHO;1
174;MOREIRA;7
174;PEU;2
174;GLAUBER DA SAÚDE;1
174;CID RODRIGUES;2
174;SAMUEL RODRIGUES;1
174;ELIZENE;1
174;ZE MILTON;2
174;ERIC ERLON;6
174;MAURICIO COSTA;3
174;GENIVALDO BARROS;1
174;ELIANY MAE ATIPICA;2
174;FABIO SOUZA;1
174;JOÃO LUIZ DE NEGÃO;12
174;EILTON SANTIAGO;5
174;JARBINHAS;2
174;GERSON TEIXEIRA;4
174;ALAN MIRANDA;4
174;FABIO SALES;1
174;JUNIOR GARÇOM;6
174;CARLIM;9
174;SELMA MORENA;1
186;MARCELO PETRONE;25
186;LORIM DA PADARIA;6
186;JOÃO PELA;5
186;MARINA SANTANA;1
186;ADEMIR PEDREIRO;1
186;VERONICA CHAVES;2
186;DORINHA;7
186;HIANCA FERREIRA;2
186;BETINHA DE LÉ;2
186;ORALDO MARTINS;1
186;PEDRO (PH);2
186;EDSON MIRANDA;3
186;TAZINHA;4
186;PRISCILA MATOS;1
186;EVANDRO PINHO;1
186;SOLY;1
186;GIL PAGÓLE;2
186;NADIA FRANCO;1
186;THIAGO DURÃES;9
186;JUNIO BARBOSA;31
186;TIÃO DE OLEGARIO;4
186;NINHÃO;3
186;KÉSLEY;4
186;MARIA CLARA;7
186;MOACIR OLIVEIRA;7
186;MÁRCIO EVENTOS;2
186;HENILTON IMÓVEIS;2
186;ÍCARO CABELEREIRO;5
186;ZEZINHO DO SALÃO;18
186;RUBINHO ENFERMEIRO;2
186;MAERCIO;1
186;PEDINHA DO BAR;2
186;JADSON;10
186;JOÃO DETETIVE;15
186;BENE DA BALANÇA;4
186;LEILIANE PROFESSORA;1
186;LIA DE BIDA;1
186;VILSINHO;1
186;MOREIRA;12
186;PEU;1
186;GLAUBER DA SAÚDE;2
186;CID RODRIGUES;4
186;SAMUEL RODRIGUES;1
186;ZE MILTON;1
186;ERIC ERLON;4
186;FABIO SOUZA;2
186;CAROL RODRIGUES;2
186;JOÃO LUIZ DE NEGÃO;13
186;EILTON SANTIAGO;6
186;JARBINHAS;1
186;JUNIOR GARÇOM;11
186;CARLIM;5
187;MARCELO PETRONE;29
187;LORIM DA PADARIA;3
187;JOÃO PELA;10
187;MARINA SANTANA;2
187;VERONICA CHAVES;5
187;VALDECIR BADEGA;2
187;DORINHA;6
187;HIANCA FERREIRA;1
187;BETINHA DE LÉ;4
187;ORALDO MARTINS;1
187;WESLEY GARÇOM;1
187;EDSON MIRANDA;6
187;TAZINHA;6
187;PRISCILA MATOS;2
187;GIL PAGÓLE;1
187;THIAGO DURÃES;13
187;CLEYTON GARDENAL;3
187;JUNIO BARBOSA;1
187;PALOMA PIPOQUINHA;1
187;NILO DO TAXI;6
187;TIÃO DE OLEGARIO;11
187;MESSIAS;2
187;NINHÃO;2
187;KÉSLEY;5
187;MARIA CLARA;7
187;AGNELO MEDINA;2
187;MOACIR OLIVEIRA;11
187;GATINHO SARMENTO;1
187;JUAREZ DO TRATOR;4
187;HENILTON IMÓVEIS;3
187;ÍCARO CABELEREIRO;2
187;GERALDO DO PINCH;1
187;ZEZINHO DO SALÃO;8
187;LUCAS BAIXINHO;3
187;SERGINHO DA AUTO ELETRICA;3
187;MAERCIO;4
187;PEDINHA DO BAR;1
187;JADSON;17
187;JOÃO DETETIVE;10
187;JO DA PADARIA;3
187;BENE DA BALANÇA;7
187;LIA DE BIDA;2
187;VILSINHO;3
187;MOREIRA;7
187;PEU;2
187;GLAUBER DA SAÚDE;2
187;CID RODRIGUES;2
187;DAYANNE CARDOSO;1
187;ERIC ERLON;1
187;GENIVALDO BARROS;2
187;DAOZINHO DO BAR;1
187;FABIO SOUZA;1
187;CAROL RODRIGUES;2
187;JOÃO LUIZ DE NEGÃO;20
187;EILTON SANTIAGO;4
187;JARBINHAS;2
187;ALAN MIRANDA;1
187;FABIO SALES;2
187;PATTY;1
187;JUNIOR GARÇOM;5
187;CARLIM;5
188;MARCELO PETRONE;13
188;LORIM DA PADARIA;4
188;JOÃO PELA;5
188;MARINA SANTANA;1
188;VALDECIR BADEGA;1
188;DORINHA;10
188;BETINHA DE LÉ;3
188;GISELE;14
188;EDSON MIRANDA;17
188;PRISCILA MATOS;1
188;THIAGO DURÃES;21
188;JUNIO BARBOSA;5
188;TIÃO DE OLEGARIO;19
188;LEIDE DA SAÚDE;2
188;NINHÃO;1
188;KÉSLEY;1
188;HENILTON IMÓVEIS;4
188;SERGINHO DA AUTO ELETRICA;1
188;MAERCIO;2
188;JADSON;3
188;JOÃO DETETIVE;1
188;LEILIANE PROFESSORA;2
188;MOREIRA;10
188;CID RODRIGUES;3
188;JOÃO LUIZ DE NEGÃO;1
188;EILTON SANTIAGO;4
188;JARBINHAS;2
188;CARLIM;3
190;MARCELO PETRONE;29
190;LORIM DA PADARIA;1
190;JOÃO PELA;8
190;MARINA SANTANA;2
190;CLAUDIO SAMPA;2
190;ADEMIR PEDREIRO;1
190;ANISIA DO SANTO ANTONIO;2
190;VALDECIR BADEGA;2
190;DORINHA;6
190;HIANCA FERREIRA;1
190;BETINHA DE LÉ;17
190;ORALDO MARTINS;1
190;DIM DEFICIENTE VISUAL;2
190;EDSON MIRANDA;11
190;ZOIM;6
190;TAZINHA;4
190;PRISCILA MATOS;2
190;EVANDRO PINHO;1
190;SOLY;1
190;GIL PAGÓLE;2
190;THIAGO DURÃES;9
190;CLEYTON GARDENAL;5
190;JUNIO BARBOSA;2
190;NILO DO TAXI;6
190;TIÃO DE OLEGARIO;9
190;MESSIAS;2
190;KÉSLEY;6
190;MARIA CLARA;11
190;AGNELO MEDINA;3
190;MOACIR OLIVEIRA;11
190;TINA SOARES;1
190;ELLEN JÉSSICA;1
190;JUAREZ DO TRATOR;1
190;HENILTON IMÓVEIS;4
190;ÍCARO CABELEREIRO;1
190;ZEZINHO DO SALÃO;8
190;LUCAS BAIXINHO;1
190;SERGINHO DA AUTO ELETRICA;3
190;MAERCIO;1
190;JADSON;10
190;JOÃO DETETIVE;7
190;JO DA PADARIA;2
190;BENE DA BALANÇA;5
190;LEILIANE PROFESSORA;3
190;LIA DE BIDA;2
190;MOREIRA;10
190;PEU;1
190;CID RODRIGUES;2
190;SAMUEL RODRIGUES;1
190;ELIZENE;1
190;DAYANNE CARDOSO;2
190;ZE MILTON;1
190;ERIC ERLON;6
190;MAURICIO COSTA;1
190;GENIVALDO BARROS;1
190;CAROL RODRIGUES;1
190;JOÃO LUIZ DE NEGÃO;11
190;EILTON SANTIAGO;8
190;GERSON TEIXEIRA;1
190;ALAN MIRANDA;4
190;FABIO SALES;2
190;JUNIOR GARÇOM;11
190;CARLIM;5
190;DEOLINDA DO FORRO;1
206;MARCELO PETRONE;39
206;LORIM DA PADARIA;1
206;JOÃO PELA;3
206;MARINA SANTANA;1
206;VICTOR MOTORISTA BODÃO;2
206;CLAUDIO SAMPA;1
206;VALDECIR BADEGA;1
206;DORINHA;3
206;BETINHA DE LÉ;2
206;RAFA XCAR;2
206;DIM DEFICIENTE VISUAL;2
206;EDSON MIRANDA;3
206;TAZINHA;4
206;PRISCILA MATOS;7
206;GIL PAGÓLE;2
206;THIAGO DURÃES;7
206;CLEYTON GARDENAL;1
206;JUNIO BARBOSA;32
206;NILO DO TAXI;1
206;TIÃO DE OLEGARIO;7
206;MESSIAS;1
206;NINHÃO;2
206;KÉSLEY;7
206;MARIA CLARA;5
206;MOACIR OLIVEIRA;6
206;ELIETE SILVEIRA;1
206;DEDÉ CAIPIRA;1
206;TINA SOARES;1
206;GATINHO SARMENTO;1
206;HENILTON IMÓVEIS;1
206;ÍCARO CABELEREIRO;2
206;ZEZINHO DO SALÃO;23
206;LUCAS BAIXINHO;2
206;RUBINHO ENFERMEIRO;1
206;PEDINHA DO BAR;1
206;JADSON;8
206;JOÃO DETETIVE;7
206;JO DA PADARIA;2
206;BENE DA BALANÇA;1
206;LEILIANE PROFESSORA;1
206;LIA DE BIDA;1
206;CLAUDINHA;2
206;MOREIRA;13
206;PEU;1
206;GLAUBER DA SAÚDE;1
206;CID RODRIGUES;3
206;SAMUEL RODRIGUES;1
206;ZE MILTON;2
206;ERIC ERLON;5
206;MAURICIO COSTA;3
206;DILSON CORINGA DO BOI DE JANEI;1
206;ELIANY MAE ATIPICA;2
206;FABIO SOUZA;1
206;JOÃO LUIZ DE NEGÃO;22
206;EILTON SANTIAGO;6
206;JARBINHAS;1
206;ALAN MIRANDA;1
206;FABIO SALES;2
206;JUNIOR GARÇOM;10
206;CARLIM;8
212;MARCELO PETRONE;20
212;LORIM DA PADARIA;1
212;JOÃO PELA;12
212;MARINA SANTANA;5
212;CLAUDIO SAMPA;2
212;VERONICA CHAVES;1
212;ANISIA DO SANTO ANTONIO;2
212;DORINHA;7
212;HIANCA FERREIRA;2
212;BETINHA DE LÉ;9
212;LUIS VINICIUS DO CANTINHO;2
212;ORALDO MARTINS;3
212;MARLY;1
212;EDSON MIRANDA;5
212;ZOIM;2
212;TAZINHA;5
212;PRISCILA MATOS;3
212;EVANDRO PINHO;2
212;GIL PAGÓLE;1
212;THIAGO DURÃES;8
212;CLEYTON GARDENAL;2
212;JUNIO BARBOSA;5
212;PALOMA PIPOQUINHA;1
212;NILO DO TAXI;7
212;TIÃO DE OLEGARIO;8
212;MESSIAS;1
212;KÉSLEY;3
212;MARIA CLARA;6
212;MOACIR OLIVEIRA;7
212;GATINHO SARMENTO;1
212;JUAREZ DO TRATOR;2
212;HENILTON IMÓVEIS;12
212;ÍCARO CABELEREIRO;1
212;ZEZINHO DO SALÃO;7
212;LUCAS BAIXINHO;2
212;SERGINHO DA AUTO ELETRICA;8
212;MAERCIO;14
212;CIDA;1
212;PEDINHA DO BAR;1
212;JADSON;13
212;JOÃO DETETIVE;8
212;DALVA;1
212;JO DA PADARIA;1
212;BENE DA BALANÇA;7
212;LEILIANE PROFESSORA;2
212;LIA DE BIDA;1
212;VILSINHO;1
212;MOREIRA;14
212;PEU;2
212;GLAUBER DA SAÚDE;2
212;CID RODRIGUES;1
212;DAYANNE CARDOSO;2
212;ERIC ERLON;4
212;GENIVALDO BARROS;1
212;DILSON CORINGA DO BOI DE JANEI;1
212;ELIANY MAE ATIPICA;1
212;FABIO SOUZA;1
212;CAROL RODRIGUES;2
212;JOÃO LUIZ DE NEGÃO;15
212;EILTON SANTIAGO;5
212;GERSON TEIXEIRA;1
212;ALAN MIRANDA;4
212;FABIO SALES;1
212;PATTY;3
212;JUNIOR GARÇOM;3
212;CARLIM;7
212;SELMA MORENA;1
214;MARCELO PETRONE;22
214;LORIM DA PADARIA;3
214;JOÃO PELA;7
214;CLAUDIO SAMPA;2
214;VERONICA CHAVES;2
214;ANISIA DO SANTO ANTONIO;2
214;VALDECIR BADEGA;2
214;DORINHA;6
214;BETINHA DE LÉ;3
214;ORALDO MARTINS;1
214;EDSON MIRANDA;15
214;ZOIM;5
214;TAZINHA;8
214;PRISCILA MATOS;3
214;EVANDRO PINHO;3
214;GIL PAGÓLE;3
214;THIAGO DURÃES;11
214;CLEYTON GARDENAL;2
214;JUNIO BARBOSA;4
214;GERALDINHO;1
214;NILO DO TAXI;2
214;TIÃO DE OLEGARIO;14
214;MESSIAS;3
214;NINHÃO;2
214;MARIA CLARA;9
214;AGNELO MEDINA;2
214;MOACIR OLIVEIRA;16
214;ELIETE SILVEIRA;1
214;ELLEN JÉSSICA;2
214;HENILTON IMÓVEIS;10
214;ÍCARO CABELEREIRO;2
214;GERALDO DO PINCH;1
214;ZEZINHO DO SALÃO;9
214;LUCAS BAIXINHO;4
214;RUBINHO ENFERMEIRO;1
214;SERGINHO DA AUTO ELETRICA;1
214;LETICIA ASSISTENTE SOCIAL;4
214;MAERCIO;3
214;JADSON;16
214;JOÃO DETETIVE;5
214;BENE DA BALANÇA;7
214;LEILIANE PROFESSORA;2
214;LIA DE BIDA;1
214;VAGNER DA DENGUE;1
214;MOREIRA;9
214;GLAUBER DA SAÚDE;2
214;DAYANNE CARDOSO;1
214;ERIC ERLON;13
214;MAURICIO COSTA;1
214;GENIVALDO BARROS;1
214;ELIANY MAE ATIPICA;1
214;CAROL RODRIGUES;1
214;JOÃO LUIZ DE NEGÃO;10
214;EILTON SANTIAGO;2
214;JARBINHAS;1
214;GERSON TEIXEIRA;1
214;ALAN MIRANDA;6
214;FABIO SALES;3
214;JUNIOR GARÇOM;8
214;CARLIM;4
214;HAYANNE ERIKA;1
215;MARCELO PETRONE;11
215;JOÃO PELA;4
215;DORINHA;10
215;WESLEY GARÇOM;2
215;THIAGO DURÃES;2
215;MOACIR OLIVEIRA;1
215;ELIETE SILVEIRA;1
215;ZEZINHO DO SALÃO;2
215;JADSON;3
215;ERIC ERLON;2
215;EILTON SANTIAGO;18
215;CARLIM;1
220;MARCELO PETRONE;45
220;JOÃO PELA;4
220;VERONICA CHAVES;2
220;ANISIA DO SANTO ANTONIO;3
220;VALDECIR BADEGA;1
220;DORINHA;41
220;BETINHA DE LÉ;2
220;EDSON MIRANDA;1
220;PRISCILA MATOS;2
220;EVANDRO PINHO;2
220;NADIA FRANCO;1
220;THIAGO DURÃES;2
220;JUNIO BARBOSA;1
220;PALOMA PIPOQUINHA;1
220;NILO DO TAXI;1
220;TIÃO DE OLEGARIO;2
220;NINHÃO;2
220;MARIA CLARA;5
220;MOACIR OLIVEIRA;19
220;ELLEN JÉSSICA;1
220;GATINHO SARMENTO;1
220;HENILTON IMÓVEIS;4
220;ZEZINHO DO SALÃO;10
220;SERGINHO DA AUTO ELETRICA;2
220;PEDINHA DO BAR;1
220;LIA DE BIDA;1
220;MOREIRA;1
220;ELIZENE;2
220;FABIO SOUZA;1
220;JOÃO LUIZ DE NEGÃO;1
220;JUNIOR GARÇOM;2
228;MARCELO PETRONE;25
228;LORIM DA PADARIA;1
228;JOÃO PELA;4
228;VICTOR MOTORISTA BODÃO;1
228;CLAUDIO SAMPA;3
228;VERONICA CHAVES;4
228;VALDECIR BADEGA;2
228;DORINHA;8
228;HIANCA FERREIRA;1
228;BETINHA DE LÉ;12
228;ORALDO MARTINS;1
228;RAFA XCAR;1
228;EDSON MIRANDA;5
228;ZOIM;3
228;TAZINHA;2
228;PRISCILA MATOS;2
228;EVANDRO PINHO;1
228;GIL PAGÓLE;2
228;NADIA FRANCO;3
228;THIAGO DURÃES;16
228;CLEYTON GARDENAL;3
228;JUNIO BARBOSA;5
228;NILO DO TAXI;1
228;TIÃO DE OLEGARIO;7
228;MESSIAS;1
228;LEIDE DA SAÚDE;1
228;KÉSLEY;3
228;MARIA CLARA;13
228;AGNELO MEDINA;1
228;MOACIR OLIVEIRA;4
228;JUAREZ DO TRATOR;1
228;HENILTON IMÓVEIS;4
228;ÍCARO CABELEREIRO;1
228;ZEZINHO DO SALÃO;6
228;LUCAS BAIXINHO;2
228;SERGINHO DA AUTO ELETRICA;6
228;MAERCIO;2
228;PEDINHA DO BAR;1
228;JADSON;10
228;JOÃO DETETIVE;3
228;BENE DA BALANÇA;5
228;LEILIANE PROFESSORA;2
228;LIA DE BIDA;1
228;VILSINHO;1
228;MOREIRA;12
228;PEU;1
228;GLAUBER DA SAÚDE;1
228;CID RODRIGUES;2
228;SAMUEL RODRIGUES;1
228;DAYANNE CARDOSO;2
228;ZE MILTON;2
228;ERIC ERLON;7
228;MAURICIO COSTA;1
228;JOÃO LUIZ DE NEGÃO;8
228;EILTON SANTIAGO;5
228;JARBINHAS;3
228;GERSON TEIXEIRA;1
228;ALAN MIRANDA;6
228;FABIO SALES;7
228;JUNIOR GARÇOM;2
228;CARLIM;8
228;HAYANNE ERIKA;2
236;MARCELO PETRONE;5
236;JOÃO PELA;7
236;ADEMIR PEDREIRO;1
236;DORINHA;10
236;EDSON MIRANDA;7
236;THIAGO DURÃES;3
236;TIÃO DE OLEGARIO;42
236;NINHÃO;1
236;MOACIR OLIVEIRA;1
236;GATINHO SARMENTO;2
236;LIA DE BIDA;1
236;CAROL RODRIGUES;1
236;EILTON SANTIAGO;1
236;FABIO SALES;1
236;CARLIM;1
237;MARCELO PETRONE;23
237;LORIM DA PADARIA;3
237;JOÃO PELA;10
237;MARINA SANTANA;5
237;CLAUDIO SAMPA;5
237;VERONICA CHAVES;2
237;DORINHA;4
237;HIANCA FERREIRA;2
237;BETINHA DE LÉ;5
237;ORALDO MARTINS;2
237;EDSON MIRANDA;3
237;TAZINHA;7
237;PRISCILA MATOS;5
237;EVANDRO PINHO;1
237;THIAGO DURÃES;13
237;CLEYTON GARDENAL;2
237;JUNIO BARBOSA;3
237;PALOMA PIPOQUINHA;1
237;NILO DO TAXI;6
237;TIÃO DE OLEGARIO;3
237;MESSIAS;2
237;LEIDE DA SAÚDE;2
237;KÉSLEY;9
237;MARIA CLARA;6
237;AGNELO MEDINA;1
237;JOÃO ERIK PROTETOR;2
237;MOACIR OLIVEIRA;9
237;ELIETE SILVEIRA;2
237;GATINHO SARMENTO;1
237;JUAREZ DO TRATOR;2
237;HENILTON IMÓVEIS;1
237;ÍCARO CABELEREIRO;1
237;ZEZINHO DO SALÃO;5
237;LUCAS BAIXINHO;1
237;LETICIA ASSISTENTE SOCIAL;1
237;MAERCIO;9
237;CIDA;1
237;JADSON;9
237;JOÃO DETETIVE;4
237;JO DA PADARIA;1
237;BENE DA BALANÇA;10
237;LEILIANE PROFESSORA;2
237;VAGNER DA DENGUE;1
237;MOREIRA;10
237;PEU;1
237;GLAUBER DA SAÚDE;1
237;CID RODRIGUES;3
237;SAMUEL RODRIGUES;1
237;DAYANNE CARDOSO;2
237;ZE MILTON;1
237;ERIC ERLON;8
237;MAURICIO COSTA;1
237;GENIVALDO BARROS;2
237;CAROL RODRIGUES;1
237;JOÃO LUIZ DE NEGÃO;12
237;EILTON SANTIAGO;6
237;JARBINHAS;3
237;GERSON TEIXEIRA;1
237;ALAN MIRANDA;2
237;FABIO SALES;1
237;PATTY;1
237;JUNIOR GARÇOM;5
237;CARLIM;10
238;MARCELO PETRONE;29
238;LORIM DA PADARIA;2
238;JOÃO PELA;2
238;VICTOR MOTORISTA BODÃO;1
238;VERONICA CHAVES;1
238;VALDECIR BADEGA;3
238;DORINHA;3
238;BETINHA DE LÉ;2
238;LUIS VINICIUS DO CANTINHO;1
238;PEDRO (PH);1
238;RAFA XCAR;1
238;EDSON MIRANDA;5
238;ZOIM;2
238;TAZINHA;3
238;PRISCILA MATOS;3
238;EVANDRO PINHO;1
238;SOLY;1
238;GIL PAGÓLE;3
238;NADIA FRANCO;1
238;THIAGO DURÃES;5
238;JUNIO BARBOSA;36
238;GERALDINHO;2
238;NILO DO TAXI;1
238;TIÃO DE OLEGARIO;2
238;MESSIAS;1
238;NINHÃO;1
238;KÉSLEY;2
238;MARIA CLARA;9
238;MOACIR OLIVEIRA;5
238;MORGANA FIGUEIREDO;2
238;JUAREZ DO TRATOR;1
238;HENILTON IMÓVEIS;6
238;ÍCARO CABELEREIRO;1
238;ZEZINHO DO SALÃO;23
238;LUCAS BAIXINHO;4
238;SERGINHO DA AUTO ELETRICA;1
238;LETICIA ASSISTENTE SOCIAL;1
238;PEDINHA DO BAR;1
238;JADSON;9
238;JOÃO DETETIVE;14
238;BENE DA BALANÇA;1
238;LEILIANE PROFESSORA;1
238;LIA DE BIDA;1
238;CLAUDINHA;1
238;VILSINHO;1
238;MOREIRA;9
238;CID RODRIGUES;2
238;SAMUEL RODRIGUES;1
238;DAYANNE CARDOSO;1
238;ZE MILTON;2
238;ERIC ERLON;3
238;MAURICIO COSTA;1
238;GENIVALDO BARROS;1
238;JOÃO LUIZ DE NEGÃO;18
238;EILTON SANTIAGO;9
238;JARBINHAS;1
238;FABIO SALES;2
238;JUNIOR GARÇOM;7
238;CARLIM;9
239;MARCELO PETRONE;10
239;JOÃO PELA;1
239;MARINA SANTANA;2
239;VALDECIR BADEGA;1
239;DORINHA;2
239;EDSON MIRANDA;1
239;TAZINHA;2
239;PRISCILA MATOS;4
239;NADIA FRANCO;1
239;THIAGO DURÃES;2
239;CLEYTON GARDENAL;2
239;JUNIO BARBOSA;4
239;NILO DO TAXI;1
239;TIÃO DE OLEGARIO;3
239;MESSIAS;1
239;KÉSLEY;1
239;MARIA CLARA;3
239;MOACIR OLIVEIRA;1
239;HENILTON IMÓVEIS;1
239;ZEZINHO DO SALÃO;2
239;RUBINHO ENFERMEIRO;1
239;LETICIA ASSISTENTE SOCIAL;2
239;JADSON;1
239;LEILIANE PROFESSORA;2
239;CLAUDINHA;1
239;VILSINHO;1
239;MOREIRA;4
239;ZE MILTON;1
239;ERIC ERLON;1
239;MAURICIO COSTA;1
239;ESTÉ DO BRIGADEIRO;1
239;FABIO SOUZA;1
239;JOÃO LUIZ DE NEGÃO;5
239;EILTON SANTIAGO;8
239;JARBINHAS;1
239;ALAN MIRANDA;1
239;JUNIOR GARÇOM;3
239;CARLIM;5
245;MARCELO PETRONE;29
245;LORIM DA PADARIA;2
245;JOÃO PELA;11
245;CLAUDIO SAMPA;4
245;VERONICA CHAVES;1
245;ANISIA DO SANTO ANTONIO;2
245;VALDECIR BADEGA;3
245;DORINHA;6
245;BETINHA DE LÉ;7
245;ORALDO MARTINS;3
245;EDSON MIRANDA;9
245;ZOIM;4
245;TAZINHA;11
245;PRISCILA MATOS;2
245;GIL PAGÓLE;3
245;THIAGO DURÃES;16
245;CLEYTON GARDENAL;3
245;JUNIO BARBOSA;4
245;PALOMA PIPOQUINHA;1
245;NILO DO TAXI;5
245;TIÃO DE OLEGARIO;6
245;KÉSLEY;1
245;MARIA CLARA;1
245;AGNELO MEDINA;2
245;JOÃO ERIK PROTETOR;1
245;MOACIR OLIVEIRA;8
245;GATINHO SARMENTO;1
245;JUAREZ DO TRATOR;1
245;HENILTON IMÓVEIS;7
245;ÍCARO CABELEREIRO;1
245;ZEZINHO DO SALÃO;13
245;LUCAS BAIXINHO;1
245;SERGINHO DA AUTO ELETRICA;2
245;MAERCIO;2
245;PEDINHA DO BAR;2
245;JADSON;11
245;JOÃO DETETIVE;4
245;JO DA PADARIA;1
245;BENE DA BALANÇA;10
245;LEILIANE PROFESSORA;6
245;LIA DE BIDA;2
245;VILSINHO;1
245;VAGNER DA DENGUE;1
245;MOREIRA;9
245;PEU;1
245;GLAUBER DA SAÚDE;3
245;SAMUEL RODRIGUES;1
245;ZE MILTON;1
245;ERIC ERLON;4
245;MAURICIO COSTA;3
245;GENIVALDO BARROS;1
245;ELIANY MAE ATIPICA;1
245;CAROL RODRIGUES;1
245;JOÃO LUIZ DE NEGÃO;12
245;EILTON SANTIAGO;6
245;ALAN MIRANDA;5
245;FABIO SALES;1
245;JUNIOR GARÇOM;5
245;CARLIM;6
245;SELMA MORENA;1
247;MARCELO PETRONE;2
247;LORIM DA PADARIA;1
247;TAZINHA;4
247;THIAGO DURÃES;115
247;GERALDINHO;1
247;ANDRE CAIRES;4
247;MOACIR OLIVEIRA;1
247;ZEZINHO DO SALÃO;1
247;LUCAS BAIXINHO;1
247;JO DA PADARIA;1
247;MOREIRA;1
247;DAYANNE CARDOSO;1
247;JOÃO LUIZ DE NEGÃO;2
247;EILTON SANTIAGO;15
247;JUNIOR GARÇOM;1
247;CARLIM;6
252;MARCELO PETRONE;20
252;LORIM DA PADARIA;2
252;JOÃO PELA;5
252;MARINA SANTANA;5
252;VICTOR MOTORISTA BODÃO;3
252;CLAUDIO SAMPA;1
252;VALDECIR BADEGA;3
252;DORINHA;5
252;HIANCA FERREIRA;2
252;BETINHA DE LÉ;6
252;LUIS VINICIUS DO CANTINHO;1
252;ORALDO MARTINS;1
252;WESLEY GARÇOM;2
252;EDSON MIRANDA;5
252;TAZINHA;1
252;PRISCILA MATOS;2
252;GIL PAGÓLE;3
252;THIAGO DURÃES;13
252;CLEYTON GARDENAL;1
252;JUNIO BARBOSA;2
252;PALOMA PIPOQUINHA;1
252;NILO DO TAXI;4
252;TIÃO DE OLEGARIO;10
252;MESSIAS;1
252;LEIDE DA SAÚDE;1
252;KÉSLEY;6
252;MARIA CLARA;11
252;JOÃO ERIK PROTETOR;2
252;MOACIR OLIVEIRA;7
252;JUAREZ DO TRATOR;1
252;HENILTON IMÓVEIS;4
252;ÍCARO CABELEREIRO;1
252;ZEZINHO DO SALÃO;9
252;LUCAS BAIXINHO;8
252;SERGINHO DA AUTO ELETRICA;8
252;LETICIA ASSISTENTE SOCIAL;1
252;MAERCIO;4
252;CIDA;2
252;JADSON;6
252;JOÃO DETETIVE;6
252;JO DA PADARIA;3
252;BENE DA BALANÇA;10
252;LEILIANE PROFESSORA;1
252;LIA DE BIDA;5
252;VILSINHO;2
252;VAGNER DA DENGUE;2
252;MOREIRA;7
252;PEU;2
252;CID RODRIGUES;4
252;SAMUEL RODRIGUES;1
252;DAYANNE CARDOSO;3
252;ZE MILTON;1
252;ERIC ERLON;2
252;GENIVALDO BARROS;3
252;FABIO SOUZA;2
252;CAROL RODRIGUES;2
252;JOÃO LUIZ DE NEGÃO;17
252;EILTON SANTIAGO;4
252;JARBINHAS;2
252;ALAN MIRANDA;2
252;FABIO SALES;1
252;JUNIOR GARÇOM;8
252;CARLIM;7
252;SELMA MORENA;1
254;MARCELO PETRONE;22
254;LORIM DA PADARIA;6
254;JOÃO PELA;10
254;MARINA SANTANA;1
254;ADEMIR PEDREIRO;1
254;DORINHA;9
254;BETINHA DE LÉ;2
254;PEDRO (PH);1
254;EDSON MIRANDA;3
254;TAZINHA;2
254;PRISCILA MATOS;1
254;EVANDRO PINHO;4
254;NADIA FRANCO;1
254;THIAGO DURÃES;12
254;CLEYTON GARDENAL;1
254;JUNIO BARBOSA;4
254;PALOMA PIPOQUINHA;1
254;GERALDINHO;1
254;NILO DO TAXI;2
254;TIÃO DE OLEGARIO;8
254;MESSIAS;1
254;NINHÃO;3
254;KÉSLEY;6
254;MARIA CLARA;12
254;JOÃO ERIK PROTETOR;1
254;MOACIR OLIVEIRA;4
254;HENILTON IMÓVEIS;3
254;ÍCARO CABELEREIRO;2
254;ZEZINHO DO SALÃO;9
254;LUCAS BAIXINHO;1
254;SERGINHO DA AUTO ELETRICA;2
254;LETICIA ASSISTENTE SOCIAL;5
254;CIDA;2
254;PEDINHA DO BAR;1
254;JADSON;20
254;JOÃO DETETIVE;12
254;BENE DA BALANÇA;1
254;LEILIANE PROFESSORA;2
254;LIA DE BIDA;1
254;VILSINHO;4
254;MOREIRA;12
254;PEU;1
254;CID RODRIGUES;1
254;SAMUEL RODRIGUES;1
254;DAYANNE CARDOSO;1
254;ZE MILTON;2
254;ERIC ERLON;10
254;MAURICIO COSTA;2
254;GENIVALDO BARROS;1
254;DILSON CORINGA DO BOI DE JANEI;1
254;FABIO SOUZA;2
254;CAROL RODRIGUES;1
254;JOÃO LUIZ DE NEGÃO;28
254;EILTON SANTIAGO;7
254;ALAN MIRANDA;1
254;PATTY;1
254;JUNIOR GARÇOM;5
254;CARLIM;5
256;MARCELO PETRONE;1
256;CLAUDIO SAMPA;3
256;ANISIA DO SANTO ANTONIO;2
256;BETINHA DE LÉ;3
256;LUIS VINICIUS DO CANTINHO;1
256;TAZINHA;10
256;LEIDE DA SAÚDE;10
256;JUAREZ DO TRATOR;2
256;HENILTON IMÓVEIS;2
256;MAERCIO;3
256;JARBINHAS;5
257;MARCELO PETRONE;27
257;LORIM DA PADARIA;6
257;JOÃO PELA;7
257;MARINA SANTANA;1
257;CLAUDIO SAMPA;2
257;VERONICA CHAVES;1
257;ANISIA DO SANTO ANTONIO;3
257;DORINHA;3
257;HIANCA FERREIRA;1
257;BETINHA DE LÉ;9
257;LUIS VINICIUS DO CANTINHO;1
257;EDSON MIRANDA;6
257;TAZINHA;3
257;PRISCILA MATOS;1
257;THIAGO DURÃES;15
257;CLEYTON GARDENAL;1
257;JUNIO BARBOSA;2
257;GERALDINHO;1
257;NILO DO TAXI;3
257;TIÃO DE OLEGARIO;11
257;MESSIAS;3
257;LEIDE DA SAÚDE;1
257;NINHÃO;1
257;KÉSLEY;3
257;MARIA CLARA;6
257;MOACIR OLIVEIRA;6
257;ELIETE SILVEIRA;2
257;GATINHO SARMENTO;2
257;JUAREZ DO TRATOR;3
257;HENILTON IMÓVEIS;4
257;ÍCARO CABELEREIRO;2
257;ZEZINHO DO SALÃO;2
257;LUCAS BAIXINHO;3
257;RUBINHO ENFERMEIRO;1
257;SERGINHO DA AUTO ELETRICA;2
257;MAERCIO;2
257;CIDA;1
257;PEDINHA DO BAR;1
257;JADSON;19
257;JOÃO DETETIVE;8
257;BENE DA BALANÇA;5
257;LEILIANE PROFESSORA;1
257;LIA DE BIDA;6
257;VAGNER DA DENGUE;1
257;MOREIRA;9
257;GLAUBER DA SAÚDE;4
257;CID RODRIGUES;2
257;SAMUEL RODRIGUES;3
257;DAYANNE CARDOSO;1
257;ERIC ERLON;4
257;GENIVALDO BARROS;4
257;DILSON CORINGA DO BOI DE JANEI;1
257;ELIANY MAE ATIPICA;1
257;JOÃO LUIZ DE NEGÃO;14
257;EILTON SANTIAGO;8
257;JARBINHAS;1
257;ALAN MIRANDA;3
257;FABIO SALES;2
257;JUNIOR GARÇOM;4
257;CARLIM;10
257;DEOLINDA DO FORRO;2
258;MARCELO PETRONE;26
258;LORIM DA PADARIA;12
258;JOÃO PELA;5
258;MARINA SANTANA;3
258;CLAUDIO SAMPA;3
258;DORINHA;9
258;HIANCA FERREIRA;1
258;BETINHA DE LÉ;6
258;GISELE;1
258;PEDRO (PH);1
258;DIM DEFICIENTE VISUAL;1
258;TAZINHA;5
258;PRISCILA MATOS;1
258;EVANDRO PINHO;4
258;THIAGO DURÃES;6
258;CLEYTON GARDENAL;3
258;JUNIO BARBOSA;7
258;PALOMA PIPOQUINHA;1
258;NILO DO TAXI;2
258;TIÃO DE OLEGARIO;5
258;MESSIAS;1
258;NINHÃO;2
258;KÉSLEY;5
258;MARIA CLARA;9
258;ELIETE SILVEIRA;1
258;MÁRCIO EVENTOS;1
258;JUAREZ DO TRATOR;1
258;HENILTON IMÓVEIS;3
258;ÍCARO CABELEREIRO;4
258;ZEZINHO DO SALÃO;9
258;LUCAS BAIXINHO;1
258;LETICIA ASSISTENTE SOCIAL;4
258;PEDINHA DO BAR;2
258;JADSON;19
258;JOÃO DETETIVE;7
258;LEILIANE PROFESSORA;1
258;LIA DE BIDA;2
258;VILSINHO;1
258;MOREIRA;10
258;CID RODRIGUES;3
258;DAYANNE CARDOSO;2
258;ZE MILTON;1
258;ERIC ERLON;6
258;MAURICIO COSTA;1
258;GENIVALDO BARROS;3
258;DILSON CORINGA DO BOI DE JANEI;4
258;ELIANY MAE ATIPICA;2
258;FABIO SOUZA;1
258;CAROL RODRIGUES;1
258;JOÃO LUIZ DE NEGÃO;21
258;EILTON SANTIAGO;7
258;JARBINHAS;6
258;JUNIOR GARÇOM;3
258;CARLIM;7
258;SELMA MORENA;1
260;MARCELO PETRONE;32
260;LORIM DA PADARIA;3
260;JOÃO PELA;15
260;MARINA SANTANA;2
260;VERONICA CHAVES;3
260;HIANCA FERREIRA;1
260;BETINHA DE LÉ;9
260;ORALDO MARTINS;1
260;WESLEY GARÇOM;2
260;DIM DEFICIENTE VISUAL;2
260;EDSON MIRANDA;6
260;ZOIM;1
260;TAZINHA;14
260;THIAGO DURÃES;6
260;CLEYTON GARDENAL;2
260;JUNIO BARBOSA;3
260;NILO DO TAXI;3
260;TIÃO DE OLEGARIO;7
260;MESSIAS;4
260;KÉSLEY;6
260;MARIA CLARA;6
260;AGNELO MEDINA;1
260;MOACIR OLIVEIRA;4
260;MÁRCIO EVENTOS;1
260;ELLEN JÉSSICA;1
260;JUAREZ DO TRATOR;2
260;HENILTON IMÓVEIS;10
260;ZEZINHO DO SALÃO;5
260;LUCAS BAIXINHO;2
260;SERGINHO DA AUTO ELETRICA;3
260;MAERCIO;5
260;CIDA;1
260;JADSON;10
260;JOÃO DETETIVE;9
260;JO DA PADARIA;1
260;BENE DA BALANÇA;5
260;MOREIRA;4
260;GLAUBER DA SAÚDE;3
260;SAMUEL RODRIGUES;2
260;ERIC ERLON;9
260;MAURICIO COSTA;1
260;GENIVALDO BARROS;4
260;DILSON CORINGA DO BOI DE JANEI;1
260;CAROL RODRIGUES;2
260;JOÃO LUIZ DE NEGÃO;7
260;EILTON SANTIAGO;9
260;JARBINHAS;3
260;ALAN MIRANDA;4
260;PATTY;1
260;JUNIOR GARÇOM;10
260;CARLIM;9
261;MARCELO PETRONE;39
261;LORIM DA PADARIA;1
261;JOÃO PELA;9
261;MARINA SANTANA;1
261;VICTOR MOTORISTA BODÃO;1
261;CLAUDIO SAMPA;1
261;ADEMIR PEDREIRO;3
261;VERONICA CHAVES;3
261;ANISIA DO SANTO ANTONIO;1
261;VALDECIR BADEGA;4
261;DORINHA;4
261;BETINHA DE LÉ;2
261;PEDRO (PH);1
261;DIM DEFICIENTE VISUAL;3
261;EDSON MIRANDA;9
261;PRISCILA MATOS;2
261;GIL PAGÓLE;2
261;NADIA FRANCO;3
261;THIAGO DURÃES;6
261;JUNIO BARBOSA;26
261;GERALDINHO;1
261;NILO DO TAXI;3
261;TIÃO DE OLEGARIO;2
261;MESSIAS;2
261;LEIDE DA SAÚDE;1
261;NINHÃO;3
261;KÉSLEY;5
261;MARIA CLARA;12
261;MOACIR OLIVEIRA;6
261;JUAREZ DO TRATOR;1
261;HENILTON IMÓVEIS;2
261;ÍCARO CABELEREIRO;1
261;ZEZINHO DO SALÃO;29
261;SERGINHO DA AUTO ELETRICA;1
261;MAERCIO;1
261;PEDINHA DO BAR;1
261;JADSON;5
261;JOÃO DETETIVE;11
261;BENE DA BALANÇA;2
261;LEILIANE PROFESSORA;2
261;LIA DE BIDA;1
261;CLAUDINHA;1
261;VAGNER DA DENGUE;1
261;MOREIRA;7
261;GLAUBER DA SAÚDE;1
261;CID RODRIGUES;2
261;ERIC ERLON;8
261;GENIVALDO BARROS;1
261;ELIANY MAE ATIPICA;1
261;FABIO SOUZA;3
261;JOÃO LUIZ DE NEGÃO;16
261;EILTON SANTIAGO;9
261;JARBINHAS;4
261;GERSON TEIXEIRA;1
261;ALAN MIRANDA;1
261;FABIO SALES;1
261;JUNIOR GARÇOM;7
261;CARLIM;11
261;SELMA MORENA;1
262;MARCELO PETRONE;27
262;LORIM DA PADARIA;4
262;JOÃO PELA;5
262;VICTOR MOTORISTA BODÃO;2
262;CLAUDIO SAMPA;1
262;ADEMIR PEDREIRO;2
262;VERONICA CHAVES;2
262;DORINHA;5
262;BETINHA DE LÉ;3
262;WESLEY GARÇOM;1
262;PEDRO (PH);3
262;DIM DEFICIENTE VISUAL;5
262;EDSON MIRANDA;3
262;ZOIM;1
262;TAZINHA;4
262;GIL PAGÓLE;1
262;THIAGO DURÃES;5
262;CLEYTON GARDENAL;1
262;JUNIO BARBOSA;6
262;GERALDINHO;2
262;NILO DO TAXI;6
262;TIÃO DE OLEGARIO;5
262;MESSIAS;2
262;NINHÃO;2
262;KÉSLEY;4
262;MARIA CLARA;13
262;JOÃO ERIK PROTETOR;1
262;MOACIR OLIVEIRA;6
262;GATINHO SARMENTO;2
262;JUAREZ DO TRATOR;1
262;HENILTON IMÓVEIS;7
262;ÍCARO CABELEREIRO;5
262;ZEZINHO DO SALÃO;7
262;SERGINHO DA AUTO ELETRICA;1
262;LETICIA ASSISTENTE SOCIAL;9
262;MAERCIO;1
262;PEDINHA DO BAR;1
262;JADSON;26
262;JOÃO DETETIVE;10
262;BENE DA BALANÇA;1
262;LIA DE BIDA;1
262;CLAUDINHA;1
262;VILSINHO;3
262;MOREIRA;5
262;PEU;1
262;GLAUBER DA SAÚDE;2
262;SAMUEL RODRIGUES;1
262;DAYANNE CARDOSO;7
262;ZE MILTON;1
262;ERIC ERLON;7
262;MAURICIO COSTA;1
262;GENIVALDO BARROS;3
262;DILSON CORINGA DO BOI DE JANEI;8
262;ELIANY MAE ATIPICA;1
262;CAROL RODRIGUES;1
262;JOÃO LUIZ DE NEGÃO;26
262;EILTON SANTIAGO;10
262;GERSON TEIXEIRA;1
262;ALAN MIRANDA;1
262;JUNIOR GARÇOM;4
262;CARLIM;13
264;MARCELO PETRONE;22
264;JOÃO PELA;6
264;MARINA SANTANA;1
264;VICTOR MOTORISTA BODÃO;1
264;CLAUDIO SAMPA;2
264;VALDECIR BADEGA;1
264;DORINHA;7
264;BETINHA DE LÉ;9
264;RAFA XCAR;1
264;MARLY;1
264;EDSON MIRANDA;5
264;ZOIM;3
264;TAZINHA;4
264;GIL PAGÓLE;3
264;THIAGO DURÃES;11
264;CLEYTON GARDENAL;1
264;JUNIO BARBOSA;5
264;NILO DO TAXI;3
264;TIÃO DE OLEGARIO;9
264;MESSIAS;2
264;LEIDE DA SAÚDE;1
264;KÉSLEY;4
264;MARIA CLARA;10
264;JOÃO ERIK PROTETOR;1
264;MOACIR OLIVEIRA;6
264;DEDÉ CAIPIRA;1
264;JUAREZ DO TRATOR;1
264;HENILTON IMÓVEIS;6
264;ZEZINHO DO SALÃO;5
264;LUCAS BAIXINHO;2
264;MAERCIO;2
264;CIDA;1
264;PEDINHA DO BAR;3
264;JADSON;10
264;JOÃO DETETIVE;5
264;BENE DA BALANÇA;7
264;LIA DE BIDA;1
264;VILSINHO;2
264;MOREIRA;12
264;GLAUBER DA SAÚDE;1
264;CID RODRIGUES;3
264;ZE MILTON;1
264;ERIC ERLON;6
264;FABIO SOUZA;1
264;CAROL RODRIGUES;3
264;JOÃO LUIZ DE NEGÃO;14
264;EILTON SANTIAGO;8
264;JARBINHAS;6
264;GERSON TEIXEIRA;1
264;ALAN MIRANDA;3
264;FABIO SALES;4
264;PATTY;1
264;JUNIOR GARÇOM;6
264;CARLIM;11
264;HAYANNE ERIKA;1
266;MARCELO PETRONE;7
266;LORIM DA PADARIA;3
266;VERONICA CHAVES;3
266;ANISIA DO SANTO ANTONIO;2
266;DORINHA;3
266;BETINHA DE LÉ;2
266;LUIS VINICIUS DO CANTINHO;1
266;ORALDO MARTINS;1
266;EDSON MIRANDA;3
266;ZOIM;1
266;TAZINHA;3
266;PRISCILA MATOS;1
266;THIAGO DURÃES;8
266;CLEYTON GARDENAL;1
266;JUNIO BARBOSA;1
266;NILO DO TAXI;1
266;TIÃO DE OLEGARIO;5
266;KÉSLEY;1
266;MARIA CLARA;1
266;MOACIR OLIVEIRA;7
266;HENILTON IMÓVEIS;6
266;ÍCARO CABELEREIRO;1
266;ZEZINHO DO SALÃO;3
266;MAERCIO;3
266;PEDINHA DO BAR;1
266;JADSON;8
266;JOÃO DETETIVE;3
266;BENE DA BALANÇA;2
266;LIA DE BIDA;1
266;VILSINHO;2
266;MOREIRA;5
266;GLAUBER DA SAÚDE;2
266;CID RODRIGUES;2
266;ERIC ERLON;3
266;ESTÉ DO BRIGADEIRO;1
266;JOÃO LUIZ DE NEGÃO;5
266;JARBINHAS;2
266;ALAN MIRANDA;1
266;FABIO SALES;1
266;PATTY;1
266;JUNIOR GARÇOM;1
266;CARLIM;6
267;MARCELO PETRONE;7
267;JOÃO PELA;3
267;CLAUDIO SAMPA;1
267;HIANCA FERREIRA;1
267;BETINHA DE LÉ;3
267;WESLEY GARÇOM;1
267;DIM DEFICIENTE VISUAL;1
267;TAZINHA;3
267;GIL PAGÓLE;1
267;THIAGO DURÃES;2
267;CLEYTON GARDENAL;2
267;NILO DO TAXI;2
267;TIÃO DE OLEGARIO;6
267;MESSIAS;1
267;LEIDE DA SAÚDE;1
267;KÉSLEY;3
267;MARIA CLARA;2
267;MOACIR OLIVEIRA;2
267;ELIETE SILVEIRA;1
267;MORGANA FIGUEIREDO;1
267;HENILTON IMÓVEIS;1
267;ÍCARO CABELEREIRO;1
267;SERGINHO DA AUTO ELETRICA;2
267;LETICIA ASSISTENTE SOCIAL;1
267;JADSON;3
267;JOÃO DETETIVE;2
267;LEILIANE PROFESSORA;1
267;VILSINHO;1
267;MOREIRA;4
267;CID RODRIGUES;2
267;SAMUEL RODRIGUES;1
267;ZE MILTON;1
267;ERIC ERLON;2
267;ELIANY MAE ATIPICA;2
267;CAROL RODRIGUES;1
267;JOÃO LUIZ DE NEGÃO;6
267;JARBINHAS;1
267;ALAN MIRANDA;1
267;JUNIOR GARÇOM;3
267;CARLIM;7
268;MARCELO PETRONE;9
268;JOÃO PELA;1
268;VICTOR MOTORISTA BODÃO;1
268;TAZINHA;1
268;PRISCILA MATOS;1
268;NADIA FRANCO;2
268;THIAGO DURÃES;1
268;JUNIO BARBOSA;3
268;MESSIAS;1
268;MARIA CLARA;4
268;MOACIR OLIVEIRA;2
268;ELIETE SILVEIRA;1
268;ÍCARO CABELEREIRO;1
268;ZEZINHO DO SALÃO;5
268;MAERCIO;1
268;JADSON;3
268;JOÃO DETETIVE;1
268;MOREIRA;5
268;CID RODRIGUES;1
268;ERIC ERLON;2
268;DAOZINHO DO BAR;1
268;JOÃO LUIZ DE NEGÃO;3
268;CARLIM;2
